timestamp,onboard_control_sensors_present,onboard_control_sensors_enabled,onboard_control_sensors_health,arspd_check_level,load_factor_ratio,nav_state,arming_state,hil_state,failsafe,system_type,system_id,component_id,is_rotary_wing,is_vtol,vtol_fw_permanent_stab,in_transition_mode,in_transition_to_fw,rc_signal_lost,rc_input_mode,data_link_lost,data_link_lost_counter,high_latency_data_link_lost,engine_failure,mission_failure,failure_detector_status,aspd_check_failing,aspd_fault_declared,aspd_use_inhibit,aspd_fail_rtl
0,45,2097167,45,0.0,0.0,0,1,0,0,2,1,1,1,0,0,0,0,1,1,1,0,0,0,0,0,0,0,0,0
1008000,45,2097167,45,0.0,0.0,0,1,0,0,2,1,1,1,0,0,0,0,1,1,1,0,0,0,0,0,0,0,0,0
1812000,45,2097167,45,0.0,0.0,0,1,0,0,2,1,1,1,0,0,0,0,1,1,1,0,0,0,0,0,0,0,0,0
2316000,45,2097167,45,0.0,0.0,0,1,0,0,2,1,1,1,0,0,0,0,1,1,1,0,0,0,0,0,0,0,0,0
3324000,45,2097167,45,0.0,0.0,0,1,0,0,2,1,1,1,0,0,0,0,1,1,1,0,0,0,0,0,0,0,0,0
4332000,45,2097167,45,0.0,0.0,0,1,0,0,2,1,1,1,0,0,0,0,1,1,1,0,0,0,0,0,0,0,0,0
5004000,45,2097167,45,0.0,0.0,0,1,0,0,2,1,1,1,0,0,0,0,1,1,1,0,0,0,0,0,0,0,0,0
6012000,45,2097167,45,0.0,0.0,0,1,0,0,2,1,1,1,0,0,0,0,1,1,1,0,0,0,0,0,0,0,0,0
7020000,45,2097167,45,0.0,0.0,0,1,0,0,2,1,1,1,0,0,0,0,1,1,1,0,0,0,0,0,0,0,0,0
8028000,45,2097167,45,0.0,0.0,0,1,0,0,2,1,1,1,0,0,0,0,1,1,1,0,0,0,0,0,0,0,0,0
9036000,45,2097167,45,0.0,0.0,0,1,0,0,2,1,1,1,0,0,0,0,1,1,1,0,0,0,0,0,0,0,0,0
10044000,45,2097167,45,0.0,0.0,0,1,0,0,2,1,1,1,0,0,0,0,1,1,1,0,0,0,0,0,0,0,0,0
11052000,45,2097167,45,0.0,0.0,0,1,0,0,2,1,1,1,0,0,0,0,1,1,1,0,0,0,0,0,0,0,0,0
12060000,45,2097167,45,0.0,0.0,0,1,0,0,2,1,1,1,0,0,0,0,1,1,1,0,0,0,0,0,0,0,0,0
13068000,45,2097167,45,0.0,0.0,0,1,0,0,2,1,1,1,0,0,0,0,1,1,1,0,0,0,0,0,0,0,0,0
14076000,45,2097167,45,0.0,0.0,0,1,0,0,2,1,1,1,0,0,0,0,1,1,1,0,0,0,0,0,0,0,0,0
15084000,45,2097167,45,0.0,0.0,0,1,0,0,2,1,1,1,0,0,0,0,1,1,1,0,0,0,0,0,0,0,0,0
15684000,45,2097167,45,0.0,0.0,0,1,0,0,2,1,1,1,0,0,0,0,1,1,1,0,0,0,0,0,0,0,0,0
16624000,45,2097167,2097197,0.0,0.0,0,1,0,0,2,1,1,1,0,0,0,0,1,1,1,0,0,0,0,0,0,0,0,0
16636000,45,2097167,2097197,0.0,0.0,4,1,0,0,2,1,1,1,0,0,0,0,1,1,1,0,0,0,0,0,0,0,0,0
17644000,45,2097167,2097197,0.0,0.0,4,1,0,0,2,1,1,1,0,0,0,0,1,1,1,0,0,0,0,0,0,0,0,0
18652000,45,2097167,2097197,0.0,0.0,4,1,0,0,2,1,1,1,0,0,0,0,1,1,1,0,0,0,0,0,0,0,0,0
19660000,45,2097167,2097197,0.0,0.0,4,1,0,0,2,1,1,1,0,0,0,0,1,1,1,0,0,0,0,0,0,0,0,0
20668000,45,2097167,2097197,0.0,0.0,4,1,0,0,2,1,1,1,0,0,0,0,1,1,1,0,0,0,0,0,0,0,0,0
21676000,45,2097167,2097197,0.0,0.0,4,1,0,0,2,1,1,1,0,0,0,0,1,1,1,0,0,0,0,0,0,0,0,0
22684000,45,2097167,2097197,0.0,0.0,4,1,0,0,2,1,1,1,0,0,0,0,1,1,1,0,0,0,0,0,0,0,0,0
23692000,45,2097167,2097197,0.0,0.0,4,1,0,0,2,1,1,1,0,0,0,0,1,1,1,0,0,0,0,0,0,0,0,0
24700000,45,2097167,2097197,0.0,0.0,4,1,0,0,2,1,1,1,0,0,0,0,1,1,1,0,0,0,0,0,0,0,0,0
25708000,45,2097167,2097197,0.0,0.0,4,1,0,0,2,1,1,1,0,0,0,0,1,1,1,0,0,0,0,0,0,0,0,0
26716000,45,2097167,2097197,0.0,0.0,4,1,0,0,2,1,1,1,0,0,0,0,1,1,1,0,0,0,0,0,0,0,0,0
27724000,45,2097167,2097197,0.0,0.0,4,1,0,0,2,1,1,1,0,0,0,0,1,1,1,0,0,0,0,0,0,0,0,0
28732000,45,2097167,2097197,0.0,0.0,4,1,0,0,2,1,1,1,0,0,0,0,1,1,1,0,0,0,0,0,0,0,0,0
29740000,45,2097167,2097197,0.0,0.0,4,1,0,0,2,1,1,1,0,0,0,0,1,1,1,0,0,0,0,0,0,0,0,0
30748000,45,2097167,2097197,0.0,0.0,4,1,0,0,2,1,1,1,0,0,0,0,1,1,1,0,0,0,0,0,0,0,0,0
31756000,45,2097167,2097197,0.0,0.0,4,1,0,0,2,1,1,1,0,0,0,0,1,1,1,0,0,0,0,0,0,0,0,0
32764000,45,2097167,2097197,0.0,0.0,4,1,0,0,2,1,1,1,0,0,0,0,1,1,1,0,0,0,0,0,0,0,0,0
33772000,45,2097167,2097197,0.0,0.0,4,1,0,0,2,1,1,1,0,0,0,0,1,1,1,0,0,0,0,0,0,0,0,0
34780000,45,2097167,2097197,0.0,0.0,4,1,0,0,2,1,1,1,0,0,0,0,1,1,1,0,0,0,0,0,0,0,0,0
35788000,45,2097167,2097197,0.0,0.0,4,1,0,0,2,1,1,1,0,0,0,0,1,1,1,0,0,0,0,0,0,0,0,0
36796000,45,2097167,2097197,0.0,0.0,4,1,0,0,2,1,1,1,0,0,0,0,1,1,1,0,0,0,0,0,0,0,0,0
37804000,45,2097167,2097197,0.0,0.0,4,1,0,0,2,1,1,1,0,0,0,0,1,1,1,0,0,0,0,0,0,0,0,0
38812000,45,2097167,2097197,0.0,0.0,4,1,0,0,2,1,1,1,0,0,0,0,1,1,1,0,0,0,0,0,0,0,0,0
39820000,45,2097167,2097197,0.0,0.0,4,1,0,0,2,1,1,1,0,0,0,0,1,1,1,0,0,0,0,0,0,0,0,0
40828000,45,2097167,2097197,0.0,0.0,4,1,0,0,2,1,1,1,0,0,0,0,1,1,1,0,0,0,0,0,0,0,0,0
41836000,45,2097167,2097197,0.0,0.0,4,1,0,0,2,1,1,1,0,0,0,0,1,1,1,0,0,0,0,0,0,0,0,0
42844000,45,2097167,2097197,0.0,0.0,4,1,0,0,2,1,1,1,0,0,0,0,1,1,1,0,0,0,0,0,0,0,0,0
43852000,45,2097167,2097197,0.0,0.0,4,1,0,0,2,1,1,1,0,0,0,0,1,1,1,0,0,0,0,0,0,0,0,0
44860000,45,2097167,2097197,0.0,0.0,4,1,0,0,2,1,1,1,0,0,0,0,1,1,1,0,0,0,0,0,0,0,0,0
45868000,45,2097167,2097197,0.0,0.0,4,1,0,0,2,1,1,1,0,0,0,0,1,1,1,0,0,0,0,0,0,0,0,0
46876000,45,2097167,2097197,0.0,0.0,4,1,0,0,2,1,1,1,0,0,0,0,1,1,1,0,0,0,0,0,0,0,0,0
47884000,45,2097167,2097197,0.0,0.0,4,1,0,0,2,1,1,1,0,0,0,0,1,1,1,0,0,0,0,0,0,0,0,0
48892000,45,2097167,2097197,0.0,0.0,4,1,0,0,2,1,1,1,0,0,0,0,1,1,1,0,0,0,0,0,0,0,0,0
49900000,45,2097167,2097197,0.0,0.0,4,1,0,0,2,1,1,1,0,0,0,0,1,1,1,0,0,0,0,0,0,0,0,0
50908000,45,2097167,2097197,0.0,0.0,4,1,0,0,2,1,1,1,0,0,0,0,1,1,1,0,0,0,0,0,0,0,0,0
51916000,45,2097167,2097197,0.0,0.0,4,1,0,0,2,1,1,1,0,0,0,0,1,1,1,0,0,0,0,0,0,0,0,0
52924000,45,2097167,2097197,0.0,0.0,4,1,0,0,2,1,1,1,0,0,0,0,1,1,1,0,0,0,0,0,0,0,0,0
53932000,45,2097167,2097197,0.0,0.0,4,1,0,0,2,1,1,1,0,0,0,0,1,1,1,0,0,0,0,0,0,0,0,0
54940000,45,2097167,2097197,0.0,0.0,4,1,0,0,2,1,1,1,0,0,0,0,1,1,1,0,0,0,0,0,0,0,0,0
55948000,45,2097167,2097197,0.0,0.0,4,1,0,0,2,1,1,1,0,0,0,0,1,1,1,0,0,0,0,0,0,0,0,0
56956000,45,2097167,2097197,0.0,0.0,4,1,0,0,2,1,1,1,0,0,0,0,1,1,1,0,0,0,0,0,0,0,0,0
57964000,45,2097167,2097197,0.0,0.0,4,1,0,0,2,1,1,1,0,0,0,0,1,1,1,0,0,0,0,0,0,0,0,0
58972000,45,2097167,2097197,0.0,0.0,4,1,0,0,2,1,1,1,0,0,0,0,1,1,1,0,0,0,0,0,0,0,0,0
59980000,45,2097167,2097197,0.0,0.0,4,1,0,0,2,1,1,1,0,0,0,0,1,1,1,0,0,0,0,0,0,0,0,0
60988000,45,2097167,2097197,0.0,0.0,4,1,0,0,2,1,1,1,0,0,0,0,1,1,1,0,0,0,0,0,0,0,0,0
61996000,45,2097167,2097197,0.0,0.0,4,1,0,0,2,1,1,1,0,0,0,0,1,1,1,0,0,0,0,0,0,0,0,0
63004000,45,2097167,2097197,0.0,0.0,4,1,0,0,2,1,1,1,0,0,0,0,1,1,1,0,0,0,0,0,0,0,0,0
64012000,45,2097167,2097197,0.0,0.0,4,1,0,0,2,1,1,1,0,0,0,0,1,1,1,0,0,0,0,0,0,0,0,0
65020000,45,2097167,2097197,0.0,0.0,4,1,0,0,2,1,1,1,0,0,0,0,1,1,1,0,0,0,0,0,0,0,0,0
66028000,45,2097167,2097197,0.0,0.0,4,1,0,0,2,1,1,1,0,0,0,0,1,1,1,0,0,0,0,0,0,0,0,0
67036000,45,2097167,2097197,0.0,0.0,4,1,0,0,2,1,1,1,0,0,0,0,1,1,1,0,0,0,0,0,0,0,0,0
68044000,45,2097167,2097197,0.0,0.0,4,1,0,0,2,1,1,1,0,0,0,0,1,1,1,0,0,0,0,0,0,0,0,0
68620000,45,2097167,2097197,0.0,0.0,4,1,0,0,2,1,1,1,0,0,0,0,1,1,0,0,0,0,0,0,0,0,0,0
69616000,2097199,2097167,2097199,0.0,0.0,4,2,0,0,2,1,1,1,0,0,0,0,1,1,0,0,0,0,0,0,0,0,0,0
69628000,2097199,2097167,2097199,0.0,0.0,17,2,0,0,2,1,1,1,0,0,0,0,1,1,0,0,0,0,0,0,0,0,0,0
70636000,2097199,2097167,2097199,0.0,0.0,17,2,0,0,2,1,1,1,0,0,0,0,1,1,0,0,0,0,0,0,0,0,0,0
71644000,2097199,2097167,2097199,0.0,0.0,17,2,0,0,2,1,1,1,0,0,0,0,1,1,0,0,0,0,0,0,0,0,0,0
72652000,2097199,2097167,2097199,0.0,0.0,17,2,0,0,2,1,1,1,0,0,0,0,1,1,0,0,0,0,0,0,0,0,0,0
73660000,2097199,2097167,2097199,0.0,0.0,17,2,0,0,2,1,1,1,0,0,0,0,1,1,0,0,0,0,0,0,0,0,0,0
74668000,2097199,2097167,2097199,0.0,0.0,17,2,0,0,2,1,1,1,0,0,0,0,1,1,0,0,0,0,0,0,0,0,0,0
75676000,2097199,2097167,2097199,0.0,0.0,17,2,0,0,2,1,1,1,0,0,0,0,1,1,0,0,0,0,0,0,0,0,0,0
76684000,2097199,2097167,2097199,0.0,0.0,17,2,0,0,2,1,1,1,0,0,0,0,1,1,0,0,0,0,0,0,0,0,0,0
77692000,2097199,2097167,2097199,0.0,0.0,17,2,0,0,2,1,1,1,0,0,0,0,1,1,0,0,0,0,0,0,0,0,0,0
78700000,2097199,2097167,2097199,0.0,0.0,17,2,0,0,2,1,1,1,0,0,0,0,1,1,0,0,0,0,0,0,0,0,0,0
79708000,2097199,2097167,2097199,0.0,0.0,17,2,0,0,2,1,1,1,0,0,0,0,1,1,0,0,0,0,0,0,0,0,0,0
80716000,2097199,2097167,2097199,0.0,0.0,17,2,0,0,2,1,1,1,0,0,0,0,1,1,0,0,0,0,0,0,0,0,0,0
81724000,2097199,2097167,2097199,0.0,0.0,17,2,0,0,2,1,1,1,0,0,0,0,1,1,0,0,0,0,0,0,0,0,0,0
82732000,2097199,2097167,2097199,0.0,0.0,17,2,0,0,2,1,1,1,0,0,0,0,1,1,0,0,0,0,0,0,0,0,0,0
83740000,2097199,2097167,2097199,0.0,0.0,17,2,0,0,2,1,1,1,0,0,0,0,1,1,0,0,0,0,0,0,0,0,0,0
84748000,2097199,2097167,2097199,0.0,0.0,17,2,0,0,2,1,1,1,0,0,0,0,1,1,0,0,0,0,0,0,0,0,0,0
85756000,2097199,2097167,2097199,0.0,0.0,17,2,0,0,2,1,1,1,0,0,0,0,1,1,0,0,0,0,0,0,0,0,0,0
86764000,2097199,2097167,2097199,0.0,0.0,17,2,0,0,2,1,1,1,0,0,0,0,1,1,0,0,0,0,0,0,0,0,0,0
87772000,2097199,2097167,2097199,0.0,0.0,17,2,0,0,2,1,1,1,0,0,0,0,1,1,0,0,0,0,0,0,0,0,0,0
88780000,2097199,2097167,2097199,0.0,0.0,17,2,0,0,2,1,1,1,0,0,0,0,1,1,0,0,0,0,0,0,0,0,0,0
89788000,2097199,2097167,2097199,0.0,0.0,17,2,0,0,2,1,1,1,0,0,0,0,1,1,0,0,0,0,0,0,0,0,0,0
90796000,2097199,2097167,2097199,0.0,0.0,17,2,0,0,2,1,1,1,0,0,0,0,1,1,0,0,0,0,0,0,0,0,0,0
91804000,2097199,2097167,2097199,0.0,0.0,17,2,0,0,2,1,1,1,0,0,0,0,1,1,0,0,0,0,0,0,0,0,0,0
92812000,2097199,2097167,2097199,0.0,0.0,17,2,0,0,2,1,1,1,0,0,0,0,1,1,0,0,0,0,0,0,0,0,0,0
93820000,2097199,2097167,2097199,0.0,0.0,17,2,0,0,2,1,1,1,0,0,0,0,1,1,0,0,0,0,0,0,0,0,0,0
94828000,2097199,2097167,2097199,0.0,0.0,17,2,0,0,2,1,1,1,0,0,0,0,1,1,0,0,0,0,0,0,0,0,0,0
95836000,2097199,2097167,2097199,0.0,0.0,17,2,0,0,2,1,1,1,0,0,0,0,1,1,0,0,0,0,0,0,0,0,0,0
96844000,2097199,2097167,2097199,0.0,0.0,17,2,0,0,2,1,1,1,0,0,0,0,1,1,0,0,0,0,0,0,0,0,0,0
97852000,2097199,2097167,2097199,0.0,0.0,17,2,0,0,2,1,1,1,0,0,0,0,1,1,0,0,0,0,0,0,0,0,0,0
98860000,2097199,2097167,2097199,0.0,0.0,17,2,0,0,2,1,1,1,0,0,0,0,1,1,0,0,0,0,0,0,0,0,0,0
99628000,2097199,2097167,2097199,0.0,0.0,17,2,0,0,2,1,1,1,0,0,0,0,1,1,0,0,0,0,0,0,0,0,0,0
99640000,2097199,2097167,2097199,0.0,0.0,17,2,0,0,2,1,1,1,0,0,0,0,1,1,0,0,0,0,0,0,0,0,0,0
100120000,2097199,2097167,2097199,0.0,0.0,17,2,0,0,2,1,1,1,0,0,0,0,1,1,0,0,0,0,0,0,0,0,0,0
101128000,2097199,2097167,2097199,0.0,0.0,17,2,0,0,2,1,1,1,0,0,0,0,1,1,0,0,0,0,0,0,0,0,0,0
102136000,2097199,2097167,2097199,0.0,0.0,17,2,0,0,2,1,1,1,0,0,0,0,1,1,0,0,0,0,0,0,0,0,0,0
103120000,2097199,2097167,2097199,0.0,0.0,4,2,0,0,2,1,1,1,0,0,0,0,1,1,0,0,0,0,0,0,0,0,0,0
104128000,2097199,2097167,2097199,0.0,0.0,4,2,0,0,2,1,1,1,0,0,0,0,1,1,0,0,0,0,0,0,0,0,0,0
105124000,2097199,2097167,2097199,0.0,0.0,4,2,0,0,2,1,1,1,0,0,0,0,1,1,0,0,0,0,0,0,0,0,0,0
106132000,2097199,2097167,2097199,0.0,0.0,4,2,0,0,2,1,1,1,0,0,0,0,1,1,0,0,0,0,0,0,0,0,0,0
107140000,2097199,2097167,2097199,0.0,0.0,4,2,0,0,2,1,1,1,0,0,0,0,1,1,0,0,0,0,0,0,0,0,0,0
108148000,2097199,2097167,2097199,0.0,0.0,4,2,0,0,2,1,1,1,0,0,0,0,1,1,0,0,0,0,0,0,0,0,0,0
109156000,2097199,2097167,2097199,0.0,0.0,4,2,0,0,2,1,1,1,0,0,0,0,1,1,0,0,0,0,0,0,0,0,0,0
109300000,2097199,2097167,2097199,0.0,0.0,14,2,0,0,2,1,1,1,0,0,0,0,1,1,0,0,0,0,0,0,0,0,0,0
109312000,2097199,2097167,2097199,0.0,0.0,14,2,0,0,2,1,1,1,0,0,0,0,1,1,0,0,0,0,0,0,0,0,0,0
110320000,2097199,2097167,2097199,0.0,0.0,14,2,0,0,2,1,1,1,0,0,0,0,1,1,0,0,0,0,0,0,0,0,0,0
111328000,2097199,2097167,2097199,0.0,0.0,14,2,0,0,2,1,1,1,0,0,0,0,1,1,0,0,0,0,0,0,0,0,0,0
112336000,2097199,2097167,2097199,0.0,0.0,14,2,0,0,2,1,1,1,0,0,0,0,1,1,0,0,0,0,0,0,0,0,0,0
113344000,2097199,2097167,2097199,0.0,0.0,14,2,0,0,2,1,1,1,0,0,0,0,1,1,0,0,0,0,0,0,0,0,0,0
114352000,2097199,2097167,2097199,0.0,0.0,14,2,0,0,2,1,1,1,0,0,0,0,1,1,0,0,0,0,0,0,0,0,0,0
115360000,2097199,2097167,2097199,0.0,0.0,14,2,0,0,2,1,1,1,0,0,0,0,1,1,0,0,0,0,0,0,0,0,0,0
116368000,2097199,2097167,2097199,0.0,0.0,14,2,0,0,2,1,1,1,0,0,0,0,1,1,0,0,0,0,0,0,0,0,0,0
117376000,2097199,2097167,2097199,0.0,0.0,14,2,0,0,2,1,1,1,0,0,0,0,1,1,0,0,0,0,0,0,0,0,0,0
118384000,2097199,2097167,2097199,0.0,0.0,14,2,0,0,2,1,1,1,0,0,0,0,1,1,0,0,0,0,0,0,0,0,0,0
119392000,2097199,2097167,2097199,0.0,0.0,14,2,0,0,2,1,1,1,0,0,0,0,1,1,0,0,0,0,0,0,0,0,0,0
120400000,2097199,2097167,2097199,0.0,0.0,14,2,0,0,2,1,1,1,0,0,0,0,1,1,0,0,0,0,0,0,0,0,0,0
121408000,2097199,2097167,2097199,0.0,0.0,14,2,0,0,2,1,1,1,0,0,0,0,1,1,0,0,0,0,0,0,0,0,0,0
122416000,2097199,2097167,2097199,0.0,0.0,14,2,0,0,2,1,1,1,0,0,0,0,1,1,0,0,0,0,0,0,0,0,0,0
123424000,2097199,2097167,2097199,0.0,0.0,14,2,0,0,2,1,1,1,0,0,0,0,1,1,0,0,0,0,0,0,0,0,0,0
124432000,2097199,2097167,2097199,0.0,0.0,14,2,0,0,2,1,1,1,0,0,0,0,1,1,0,0,0,0,0,0,0,0,0,0
125440000,2097199,2097167,2097199,0.0,0.0,14,2,0,0,2,1,1,1,0,0,0,0,1,1,0,0,0,0,0,0,0,0,0,0
126448000,2097199,2097167,2097199,0.0,0.0,14,2,0,0,2,1,1,1,0,0,0,0,1,1,0,0,0,0,0,0,0,0,0,0
127456000,2097199,2097167,2097199,0.0,0.0,14,2,0,0,2,1,1,1,0,0,0,0,1,1,0,0,0,0,0,0,0,0,0,0
128464000,2097199,2097167,2097199,0.0,0.0,14,2,0,0,2,1,1,1,0,0,0,0,1,1,0,0,0,0,0,0,0,0,0,0
129472000,2097199,2097167,2097199,0.0,0.0,14,2,0,0,2,1,1,1,0,0,0,0,1,1,0,0,0,0,0,0,0,0,0,0
130480000,2097199,2097167,2097199,0.0,0.0,14,2,0,0,2,1,1,1,0,0,0,0,1,1,0,0,0,0,0,0,0,0,0,0
131488000,2097199,2097167,2097199,0.0,0.0,14,2,0,0,2,1,1,1,0,0,0,0,1,1,0,0,0,0,0,0,0,0,0,0
132496000,2097199,2097167,2097199,0.0,0.0,14,2,0,0,2,1,1,1,0,0,0,0,1,1,0,0,0,0,0,0,0,0,0,0
133504000,2097199,2097167,2097199,0.0,0.0,14,2,0,0,2,1,1,1,0,0,0,0,1,1,0,0,0,0,0,0,0,0,0,0
134512000,2097199,2097167,2097199,0.0,0.0,14,2,0,0,2,1,1,1,0,0,0,0,1,1,0,0,0,0,0,0,0,0,0,0
135520000,2097199,2097167,2097199,0.0,0.0,14,2,0,0,2,1,1,1,0,0,0,0,1,1,0,0,0,0,0,0,0,0,0,0
136528000,2097199,2097167,2097199,0.0,0.0,14,2,0,0,2,1,1,1,0,0,0,0,1,1,0,0,0,0,0,0,0,0,0,0
137536000,2097199,2097167,2097199,0.0,0.0,14,2,0,0,2,1,1,1,0,0,0,0,1,1,0,0,0,0,0,0,0,0,0,0
138544000,2097199,2097167,2097199,0.0,0.0,14,2,0,0,2,1,1,1,0,0,0,0,1,1,0,0,0,0,0,0,0,0,0,0
139552000,2097199,2097167,2097199,0.0,0.0,14,2,0,0,2,1,1,1,0,0,0,0,1,1,0,0,0,0,0,0,0,0,0,0
140284000,2097199,2097167,2097199,0.0,0.0,14,2,0,0,2,1,1,1,0,0,0,0,1,1,0,0,0,0,0,0,0,0,0,0
141292000,2097199,2097167,2097199,0.0,0.0,14,2,0,0,2,1,1,1,0,0,0,0,1,1,0,0,0,0,0,0,0,0,0,0
142300000,2097199,2097167,2097199,0.0,0.0,14,2,0,0,2,1,1,1,0,0,0,0,1,1,0,0,0,0,0,0,0,0,0,0
143308000,2097199,2097167,2097199,0.0,0.0,14,2,0,0,2,1,1,1,0,0,0,0,1,1,0,0,0,0,0,0,0,0,0,0
144316000,2097199,2097167,2097199,0.0,0.0,14,2,0,0,2,1,1,1,0,0,0,0,1,1,0,0,0,0,0,0,0,0,0,0
145324000,2097199,2097167,2097199,0.0,0.0,14,2,0,0,2,1,1,1,0,0,0,0,1,1,0,0,0,0,0,0,0,0,0,0
146332000,2097199,2097167,2097199,0.0,0.0,14,2,0,0,2,1,1,1,0,0,0,0,1,1,0,0,0,0,0,0,0,0,0,0
147340000,2097199,2097167,2097199,0.0,0.0,14,2,0,0,2,1,1,1,0,0,0,0,1,1,0,0,0,0,0,0,0,0,0,0
148348000,2097199,2097167,2097199,0.0,0.0,14,2,0,0,2,1,1,1,0,0,0,0,1,1,0,0,0,0,0,0,0,0,0,0
149356000,2097199,2097167,2097199,0.0,0.0,14,2,0,0,2,1,1,1,0,0,0,0,1,1,0,0,0,0,0,0,0,0,0,0
150364000,2097199,2097167,2097199,0.0,0.0,14,2,0,0,2,1,1,1,0,0,0,0,1,1,0,0,0,0,0,0,0,0,0,0
151372000,2097199,2097167,2097199,0.0,0.0,14,2,0,0,2,1,1,1,0,0,0,0,1,1,0,0,0,0,0,0,0,0,0,0
152380000,2097199,2097167,2097199,0.0,0.0,14,2,0,0,2,1,1,1,0,0,0,0,1,1,0,0,0,0,0,0,0,0,0,0
153388000,2097199,2097167,2097199,0.0,0.0,14,2,0,0,2,1,1,1,0,0,0,0,1,1,0,0,0,0,0,0,0,0,0,0
154396000,2097199,2097167,2097199,0.0,0.0,14,2,0,0,2,1,1,1,0,0,0,0,1,1,0,0,0,0,0,0,0,0,0,0
155404000,2097199,2097167,2097199,0.0,0.0,14,2,0,0,2,1,1,1,0,0,0,0,1,1,0,0,0,0,0,0,0,0,0,0
156412000,2097199,2097167,2097199,0.0,0.0,14,2,0,0,2,1,1,1,0,0,0,0,1,1,0,0,0,0,0,0,0,0,0,0
157420000,2097199,2097167,2097199,0.0,0.0,14,2,0,0,2,1,1,1,0,0,0,0,1,1,0,0,0,0,0,0,0,0,0,0
158428000,2097199,2097167,2097199,0.0,0.0,14,2,0,0,2,1,1,1,0,0,0,0,1,1,0,0,0,0,0,0,0,0,0,0
159436000,2097199,2097167,2097199,0.0,0.0,14,2,0,0,2,1,1,1,0,0,0,0,1,1,0,0,0,0,0,0,0,0,0,0
160444000,2097199,2097167,2097199,0.0,0.0,14,2,0,0,2,1,1,1,0,0,0,0,1,1,0,0,0,0,0,0,0,0,0,0
161452000,2097199,2097167,2097199,0.0,0.0,14,2,0,0,2,1,1,1,0,0,0,0,1,1,0,0,0,0,0,0,0,0,0,0
162460000,2097199,2097167,2097199,0.0,0.0,14,2,0,0,2,1,1,1,0,0,0,0,1,1,0,0,0,0,0,0,0,0,0,0
163468000,2097199,2097167,2097199,0.0,0.0,14,2,0,0,2,1,1,1,0,0,0,0,1,1,0,0,0,0,0,0,0,0,0,0
164476000,2097199,2097167,2097199,0.0,0.0,14,2,0,0,2,1,1,1,0,0,0,0,1,1,0,0,0,0,0,0,0,0,0,0
165484000,2097199,2097167,2097199,0.0,0.0,14,2,0,0,2,1,1,1,0,0,0,0,1,1,0,0,0,0,0,0,0,0,0,0
166492000,2097199,2097167,2097199,0.0,0.0,14,2,0,0,2,1,1,1,0,0,0,0,1,1,0,0,0,0,0,0,0,0,0,0
167500000,2097199,2097167,2097199,0.0,0.0,14,2,0,0,2,1,1,1,0,0,0,0,1,1,0,0,0,0,0,0,0,0,0,0
168508000,2097199,2097167,2097199,0.0,0.0,14,2,0,0,2,1,1,1,0,0,0,0,1,1,0,0,0,0,0,0,0,0,0,0
169180000,2097199,2097167,2097199,0.0,0.0,14,2,0,0,2,1,1,1,0,0,0,0,1,1,0,0,0,0,0,0,0,0,0,0
170188000,2097199,2097167,2097199,0.0,0.0,14,2,0,0,2,1,1,1,0,0,0,0,1,1,0,0,0,0,0,0,0,0,0,0
171184000,2097199,2097167,2097199,0.0,0.0,14,2,0,0,2,1,1,1,0,0,0,0,1,1,0,0,0,0,0,0,0,0,0,0
172192000,2097199,2097167,2097199,0.0,0.0,14,2,0,0,2,1,1,1,0,0,0,0,1,1,0,0,0,0,0,0,0,0,0,0
173200000,2097199,2097167,2097199,0.0,0.0,14,2,0,0,2,1,1,1,0,0,0,0,1,1,0,0,0,0,0,0,0,0,0,0
174208000,2097199,2097167,2097199,0.0,0.0,14,2,0,0,2,1,1,1,0,0,0,0,1,1,0,0,0,0,0,0,0,0,0,0
175216000,2097199,2097167,2097199,0.0,0.0,14,2,0,0,2,1,1,1,0,0,0,0,1,1,0,0,0,0,0,0,0,0,0,0
176224000,2097199,2097167,2097199,0.0,0.0,14,2,0,0,2,1,1,1,0,0,0,0,1,1,0,0,0,0,0,0,0,0,0,0
177232000,2097199,2097167,2097199,0.0,0.0,14,2,0,0,2,1,1,1,0,0,0,0,1,1,0,0,0,0,0,0,0,0,0,0
178240000,2097199,2097167,2097199,0.0,0.0,14,2,0,0,2,1,1,1,0,0,0,0,1,1,0,0,0,0,0,0,0,0,0,0
179248000,2097199,2097167,2097199,0.0,0.0,14,2,0,0,2,1,1,1,0,0,0,0,1,1,0,0,0,0,0,0,0,0,0,0
180256000,2097199,2097167,2097199,0.0,0.0,14,2,0,0,2,1,1,1,0,0,0,0,1,1,0,0,0,0,0,0,0,0,0,0
181264000,2097199,2097167,2097199,0.0,0.0,14,2,0,0,2,1,1,1,0,0,0,0,1,1,0,0,0,0,0,0,0,0,0,0
182272000,2097199,2097167,2097199,0.0,0.0,14,2,0,0,2,1,1,1,0,0,0,0,1,1,0,0,0,0,0,0,0,0,0,0
183280000,2097199,2097167,2097199,0.0,0.0,14,2,0,0,2,1,1,1,0,0,0,0,1,1,0,0,0,0,0,0,0,0,0,0
183844000,2097199,2097167,2097199,0.0,0.0,14,2,0,0,2,1,1,1,0,0,0,0,1,1,0,0,0,0,0,0,0,0,0,0
184852000,2097199,2097167,2097199,0.0,0.0,14,2,0,0,2,1,1,1,0,0,0,0,1,1,0,0,0,0,0,0,0,0,0,0
185848000,2097199,2097167,2097199,0.0,0.0,14,2,0,0,2,1,1,1,0,0,0,0,1,1,0,0,0,0,0,0,0,0,0,0
186856000,2097199,2097167,2097199,0.0,0.0,14,2,0,0,2,1,1,1,0,0,0,0,1,1,0,0,0,0,0,0,0,0,0,0
187864000,2097199,2097167,2097199,0.0,0.0,14,2,0,0,2,1,1,1,0,0,0,0,1,1,0,0,0,0,0,0,0,0,0,0
188872000,2097199,2097167,2097199,0.0,0.0,14,2,0,0,2,1,1,1,0,0,0,0,1,1,0,0,0,0,0,0,0,0,0,0
189880000,2097199,2097167,2097199,0.0,0.0,14,2,0,0,2,1,1,1,0,0,0,0,1,1,0,0,0,0,0,0,0,0,0,0
190888000,2097199,2097167,2097199,0.0,0.0,14,2,0,0,2,1,1,1,0,0,0,0,1,1,0,0,0,0,0,0,0,0,0,0
191896000,2097199,2097167,2097199,0.0,0.0,14,2,0,0,2,1,1,1,0,0,0,0,1,1,0,0,0,0,0,0,0,0,0,0
192904000,2097199,2097167,2097199,0.0,0.0,14,2,0,0,2,1,1,1,0,0,0,0,1,1,0,0,0,0,0,0,0,0,0,0
193912000,2097199,2097167,2097199,0.0,0.0,14,2,0,0,2,1,1,1,0,0,0,0,1,1,0,0,0,0,0,0,0,0,0,0
194920000,2097199,2097167,2097199,0.0,0.0,14,2,0,0,2,1,1,1,0,0,0,0,1,1,0,0,0,0,0,0,0,0,0,0
195928000,2097199,2097167,2097199,0.0,0.0,14,2,0,0,2,1,1,1,0,0,0,0,1,1,0,0,0,0,0,0,0,0,0,0
196936000,2097199,2097167,2097199,0.0,0.0,14,2,0,0,2,1,1,1,0,0,0,0,1,1,0,0,0,0,0,0,0,0,0,0
197944000,2097199,2097167,2097199,0.0,0.0,14,2,0,0,2,1,1,1,0,0,0,0,1,1,0,0,0,0,0,0,0,0,0,0
198952000,2097199,2097167,2097199,0.0,0.0,14,2,0,0,2,1,1,1,0,0,0,0,1,1,0,0,0,0,0,0,0,0,0,0
199960000,2097199,2097167,2097199,0.0,0.0,14,2,0,0,2,1,1,1,0,0,0,0,1,1,0,0,0,0,0,0,0,0,0,0
200968000,2097199,2097167,2097199,0.0,0.0,14,2,0,0,2,1,1,1,0,0,0,0,1,1,0,0,0,0,0,0,0,0,0,0
201976000,2097199,2097167,2097199,0.0,0.0,14,2,0,0,2,1,1,1,0,0,0,0,1,1,0,0,0,0,0,0,0,0,0,0
202984000,2097199,2097167,2097199,0.0,0.0,14,2,0,0,2,1,1,1,0,0,0,0,1,1,0,0,0,0,0,0,0,0,0,0
203992000,2097199,2097167,2097199,0.0,0.0,14,2,0,0,2,1,1,1,0,0,0,0,1,1,0,0,0,0,0,0,0,0,0,0
205000000,2097199,2097167,2097199,0.0,0.0,14,2,0,0,2,1,1,1,0,0,0,0,1,1,0,0,0,0,0,0,0,0,0,0
206008000,2097199,2097167,2097199,0.0,0.0,14,2,0,0,2,1,1,1,0,0,0,0,1,1,0,0,0,0,0,0,0,0,0,0
207016000,2097199,2097167,2097199,0.0,0.0,14,2,0,0,2,1,1,1,0,0,0,0,1,1,0,0,0,0,0,0,0,0,0,0
208024000,2097199,2097167,2097199,0.0,0.0,14,2,0,0,2,1,1,1,0,0,0,0,1,1,0,0,0,0,0,0,0,0,0,0
209032000,2097199,2097167,2097199,0.0,0.0,14,2,0,0,2,1,1,1,0,0,0,0,1,1,0,0,0,0,0,0,0,0,0,0
210040000,2097199,2097167,2097199,0.0,0.0,14,2,0,0,2,1,1,1,0,0,0,0,1,1,0,0,0,0,0,0,0,0,0,0
211048000,2097199,2097167,2097199,0.0,0.0,14,2,0,0,2,1,1,1,0,0,0,0,1,1,0,0,0,0,0,0,0,0,0,0
212056000,2097199,2097167,2097199,0.0,0.0,14,2,0,0,2,1,1,1,0,0,0,0,1,1,0,0,0,0,0,0,0,0,0,0
213064000,2097199,2097167,2097199,0.0,0.0,14,2,0,0,2,1,1,1,0,0,0,0,1,1,0,0,0,0,0,0,0,0,0,0
214072000,2097199,2097167,2097199,0.0,0.0,14,2,0,0,2,1,1,1,0,0,0,0,1,1,0,0,0,0,0,0,0,0,0,0
215080000,2097199,2097167,2097199,0.0,0.0,14,2,0,0,2,1,1,1,0,0,0,0,1,1,0,0,0,0,0,0,0,0,0,0
216088000,2097199,2097167,2097199,0.0,0.0,14,2,0,0,2,1,1,1,0,0,0,0,1,1,0,0,0,0,0,0,0,0,0,0
217096000,2097199,2097167,2097199,0.0,0.0,14,2,0,0,2,1,1,1,0,0,0,0,1,1,0,0,0,0,0,0,0,0,0,0
218104000,2097199,2097167,2097199,0.0,0.0,14,2,0,0,2,1,1,1,0,0,0,0,1,1,0,0,0,0,0,0,0,0,0,0
219112000,2097199,2097167,2097199,0.0,0.0,14,2,0,0,2,1,1,1,0,0,0,0,1,1,0,0,0,0,0,0,0,0,0,0
220120000,2097199,2097167,2097199,0.0,0.0,14,2,0,0,2,1,1,1,0,0,0,0,1,1,0,0,0,0,0,0,0,0,0,0
220840000,2097199,2097167,2097199,0.0,0.0,14,2,0,0,2,1,1,1,0,0,0,0,1,1,0,0,0,0,0,0,0,0,0,0
221848000,2097199,2097167,2097199,0.0,0.0,14,2,0,0,2,1,1,1,0,0,0,0,1,1,0,0,0,0,0,0,0,0,0,0
222844000,2097199,2097167,2097199,0.0,0.0,14,2,0,0,2,1,1,1,0,0,0,0,1,1,0,0,0,0,0,0,0,0,0,0
223852000,2097199,2097167,2097199,0.0,0.0,14,2,0,0,2,1,1,1,0,0,0,0,1,1,0,0,0,0,0,0,0,0,0,0
224860000,2097199,2097167,2097199,0.0,0.0,14,2,0,0,2,1,1,1,0,0,0,0,1,1,0,0,0,0,0,0,0,0,0,0
225868000,2097199,2097167,2097199,0.0,0.0,14,2,0,0,2,1,1,1,0,0,0,0,1,1,0,0,0,0,0,0,0,0,0,0
226876000,2097199,2097167,2097199,0.0,0.0,14,2,0,0,2,1,1,1,0,0,0,0,1,1,0,0,0,0,0,0,0,0,0,0
227884000,2097199,2097167,2097199,0.0,0.0,14,2,0,0,2,1,1,1,0,0,0,0,1,1,0,0,0,0,0,0,0,0,0,0
228892000,2097199,2097167,2097199,0.0,0.0,14,2,0,0,2,1,1,1,0,0,0,0,1,1,0,0,0,0,0,0,0,0,0,0
229900000,2097199,2097167,2097199,0.0,0.0,14,2,0,0,2,1,1,1,0,0,0,0,1,1,0,0,0,0,0,0,0,0,0,0
230908000,2097199,2097167,2097199,0.0,0.0,14,2,0,0,2,1,1,1,0,0,0,0,1,1,0,0,0,0,0,0,0,0,0,0
231916000,2097199,2097167,2097199,0.0,0.0,14,2,0,0,2,1,1,1,0,0,0,0,1,1,0,0,0,0,0,0,0,0,0,0
232924000,2097199,2097167,2097199,0.0,0.0,14,2,0,0,2,1,1,1,0,0,0,0,1,1,0,0,0,0,0,0,0,0,0,0
233932000,2097199,2097167,2097199,0.0,0.0,14,2,0,0,2,1,1,1,0,0,0,0,1,1,0,0,0,0,0,0,0,0,0,0
234940000,2097199,2097167,2097199,0.0,0.0,14,2,0,0,2,1,1,1,0,0,0,0,1,1,0,0,0,0,0,0,0,0,0,0
235420000,2097199,2097167,2097199,0.0,0.0,14,2,0,0,2,1,1,1,0,0,0,0,1,1,0,0,0,0,0,0,0,0,0,0
236428000,2097199,2097167,2097199,0.0,0.0,14,2,0,0,2,1,1,1,0,0,0,0,1,1,0,0,0,0,0,0,0,0,0,0
237436000,2097199,2097167,2097199,0.0,0.0,14,2,0,0,2,1,1,1,0,0,0,0,1,1,0,0,0,0,0,0,0,0,0,0
238444000,2097199,2097167,2097199,0.0,0.0,14,2,0,0,2,1,1,1,0,0,0,0,1,1,0,0,0,0,0,0,0,0,0,0
239452000,2097199,2097167,2097199,0.0,0.0,14,2,0,0,2,1,1,1,0,0,0,0,1,1,0,0,0,0,0,0,0,0,0,0
240460000,2097199,2097167,2097199,0.0,0.0,14,2,0,0,2,1,1,1,0,0,0,0,1,1,0,0,0,0,0,0,0,0,0,0
241468000,2097199,2097167,2097199,0.0,0.0,14,2,0,0,2,1,1,1,0,0,0,0,1,1,0,0,0,0,0,0,0,0,0,0
242476000,2097199,2097167,2097199,0.0,0.0,14,2,0,0,2,1,1,1,0,0,0,0,1,1,0,0,0,0,0,0,0,0,0,0
243484000,2097199,2097167,2097199,0.0,0.0,14,2,0,0,2,1,1,1,0,0,0,0,1,1,0,0,0,0,0,0,0,0,0,0
244492000,2097199,2097167,2097199,0.0,0.0,14,2,0,0,2,1,1,1,0,0,0,0,1,1,0,0,0,0,0,0,0,0,0,0
245500000,2097199,2097167,2097199,0.0,0.0,14,2,0,0,2,1,1,1,0,0,0,0,1,1,0,0,0,0,0,0,0,0,0,0
246508000,2097199,2097167,2097199,0.0,0.0,14,2,0,0,2,1,1,1,0,0,0,0,1,1,0,0,0,0,0,0,0,0,0,0
247516000,2097199,2097167,2097199,0.0,0.0,14,2,0,0,2,1,1,1,0,0,0,0,1,1,0,0,0,0,0,0,0,0,0,0
248524000,2097199,2097167,2097199,0.0,0.0,14,2,0,0,2,1,1,1,0,0,0,0,1,1,0,0,0,0,0,0,0,0,0,0
249532000,2097199,2097167,2097199,0.0,0.0,14,2,0,0,2,1,1,1,0,0,0,0,1,1,0,0,0,0,0,0,0,0,0,0
250540000,2097199,2097167,2097199,0.0,0.0,14,2,0,0,2,1,1,1,0,0,0,0,1,1,0,0,0,0,0,0,0,0,0,0
251548000,2097199,2097167,2097199,0.0,0.0,14,2,0,0,2,1,1,1,0,0,0,0,1,1,0,0,0,0,0,0,0,0,0,0
252556000,2097199,2097167,2097199,0.0,0.0,14,2,0,0,2,1,1,1,0,0,0,0,1,1,0,0,0,0,0,0,0,0,0,0
253564000,2097199,2097167,2097199,0.0,0.0,14,2,0,0,2,1,1,1,0,0,0,0,1,1,0,0,0,0,0,0,0,0,0,0
254572000,2097199,2097167,2097199,0.0,0.0,14,2,0,0,2,1,1,1,0,0,0,0,1,1,0,0,0,0,0,0,0,0,0,0
255580000,2097199,2097167,2097199,0.0,0.0,14,2,0,0,2,1,1,1,0,0,0,0,1,1,0,0,0,0,0,0,0,0,0,0
256588000,2097199,2097167,2097199,0.0,0.0,14,2,0,0,2,1,1,1,0,0,0,0,1,1,0,0,0,0,0,0,0,0,0,0
257596000,2097199,2097167,2097199,0.0,0.0,14,2,0,0,2,1,1,1,0,0,0,0,1,1,0,0,0,0,0,0,0,0,0,0
258604000,2097199,2097167,2097199,0.0,0.0,14,2,0,0,2,1,1,1,0,0,0,0,1,1,0,0,0,0,0,0,0,0,0,0
259612000,2097199,2097167,2097199,0.0,0.0,14,2,0,0,2,1,1,1,0,0,0,0,1,1,0,0,0,0,0,0,0,0,0,0
260620000,2097199,2097167,2097199,0.0,0.0,14,2,0,0,2,1,1,1,0,0,0,0,1,1,0,0,0,0,0,0,0,0,0,0
261628000,2097199,2097167,2097199,0.0,0.0,14,2,0,0,2,1,1,1,0,0,0,0,1,1,0,0,0,0,0,0,0,0,0,0
262636000,2097199,2097167,2097199,0.0,0.0,14,2,0,0,2,1,1,1,0,0,0,0,1,1,0,0,0,0,0,0,0,0,0,0
263644000,2097199,2097167,2097199,0.0,0.0,14,2,0,0,2,1,1,1,0,0,0,0,1,1,0,0,0,0,0,0,0,0,0,0
264652000,2097199,2097167,2097199,0.0,0.0,14,2,0,0,2,1,1,1,0,0,0,0,1,1,0,0,0,0,0,0,0,0,0,0
265660000,2097199,2097167,2097199,0.0,0.0,14,2,0,0,2,1,1,1,0,0,0,0,1,1,0,0,0,0,0,0,0,0,0,0
266668000,2097199,2097167,2097199,0.0,0.0,14,2,0,0,2,1,1,1,0,0,0,0,1,1,0,0,0,0,0,0,0,0,0,0
267676000,2097199,2097167,2097199,0.0,0.0,14,2,0,0,2,1,1,1,0,0,0,0,1,1,0,0,0,0,0,0,0,0,0,0
268684000,2097199,2097167,2097199,0.0,0.0,14,2,0,0,2,1,1,1,0,0,0,0,1,1,0,0,0,0,0,0,0,0,0,0
269692000,2097199,2097167,2097199,0.0,0.0,14,2,0,0,2,1,1,1,0,0,0,0,1,1,0,0,0,0,0,0,0,0,0,0
270700000,2097199,2097167,2097199,0.0,0.0,14,2,0,0,2,1,1,1,0,0,0,0,1,1,0,0,0,0,0,0,0,0,0,0
271708000,2097199,2097167,2097199,0.0,0.0,14,2,0,0,2,1,1,1,0,0,0,0,1,1,0,0,0,0,0,0,0,0,0,0
272716000,2097199,2097167,2097199,0.0,0.0,14,2,0,0,2,1,1,1,0,0,0,0,1,1,0,0,0,0,0,0,0,0,0,0
273724000,2097199,2097167,2097199,0.0,0.0,14,2,0,0,2,1,1,1,0,0,0,0,1,1,0,0,0,0,0,0,0,0,0,0
274732000,2097199,2097167,2097199,0.0,0.0,14,2,0,0,2,1,1,1,0,0,0,0,1,1,0,0,0,0,0,0,0,0,0,0
275740000,2097199,2097167,2097199,0.0,0.0,14,2,0,0,2,1,1,1,0,0,0,0,1,1,0,0,0,0,0,0,0,0,0,0
276748000,2097199,2097167,2097199,0.0,0.0,14,2,0,0,2,1,1,1,0,0,0,0,1,1,0,0,0,0,0,0,0,0,0,0
277756000,2097199,2097167,2097199,0.0,0.0,14,2,0,0,2,1,1,1,0,0,0,0,1,1,0,0,0,0,0,0,0,0,0,0
278764000,2097199,2097167,2097199,0.0,0.0,14,2,0,0,2,1,1,1,0,0,0,0,1,1,0,0,0,0,0,0,0,0,0,0
279772000,2097199,2097167,2097199,0.0,0.0,14,2,0,0,2,1,1,1,0,0,0,0,1,1,0,0,0,0,0,0,0,0,0,0
280780000,2097199,2097167,2097199,0.0,0.0,14,2,0,0,2,1,1,1,0,0,0,0,1,1,0,0,0,0,0,0,0,0,0,0
281788000,2097199,2097167,2097199,0.0,0.0,14,2,0,0,2,1,1,1,0,0,0,0,1,1,0,0,0,0,0,0,0,0,0,0
282796000,2097199,2097167,2097199,0.0,0.0,14,2,0,0,2,1,1,1,0,0,0,0,1,1,0,0,0,0,0,0,0,0,0,0
283804000,2097199,2097167,2097199,0.0,0.0,14,2,0,0,2,1,1,1,0,0,0,0,1,1,0,0,0,0,0,0,0,0,0,0
284812000,2097199,2097167,2097199,0.0,0.0,14,2,0,0,2,1,1,1,0,0,0,0,1,1,0,0,0,0,0,0,0,0,0,0
285820000,2097199,2097167,2097199,0.0,0.0,14,2,0,0,2,1,1,1,0,0,0,0,1,1,0,0,0,0,0,0,0,0,0,0
286828000,2097199,2097167,2097199,0.0,0.0,14,2,0,0,2,1,1,1,0,0,0,0,1,1,0,0,0,0,0,0,0,0,0,0
287836000,2097199,2097167,2097199,0.0,0.0,14,2,0,0,2,1,1,1,0,0,0,0,1,1,0,0,0,0,0,0,0,0,0,0
288844000,2097199,2097167,2097199,0.0,0.0,14,2,0,0,2,1,1,1,0,0,0,0,1,1,0,0,0,0,0,0,0,0,0,0
289852000,2097199,2097167,2097199,0.0,0.0,14,2,0,0,2,1,1,1,0,0,0,0,1,1,0,0,0,0,0,0,0,0,0,0
290860000,2097199,2097167,2097199,0.0,0.0,14,2,0,0,2,1,1,1,0,0,0,0,1,1,0,0,0,0,0,0,0,0,0,0
291868000,2097199,2097167,2097199,0.0,0.0,14,2,0,0,2,1,1,1,0,0,0,0,1,1,0,0,0,0,0,0,0,0,0,0
292876000,2097199,2097167,2097199,0.0,0.0,14,2,0,0,2,1,1,1,0,0,0,0,1,1,0,0,0,0,0,0,0,0,0,0
293884000,2097199,2097167,2097199,0.0,0.0,14,2,0,0,2,1,1,1,0,0,0,0,1,1,0,0,0,0,0,0,0,0,0,0
294892000,2097199,2097167,2097199,0.0,0.0,14,2,0,0,2,1,1,1,0,0,0,0,1,1,0,0,0,0,0,0,0,0,0,0
295900000,2097199,2097167,2097199,0.0,0.0,14,2,0,0,2,1,1,1,0,0,0,0,1,1,0,0,0,0,0,0,0,0,0,0
296908000,2097199,2097167,2097199,0.0,0.0,14,2,0,0,2,1,1,1,0,0,0,0,1,1,0,0,0,0,0,0,0,0,0,0
297916000,2097199,2097167,2097199,0.0,0.0,14,2,0,0,2,1,1,1,0,0,0,0,1,1,0,0,0,0,0,0,0,0,0,0
298924000,2097199,2097167,2097199,0.0,0.0,14,2,0,0,2,1,1,1,0,0,0,0,1,1,0,0,0,0,0,0,0,0,0,0
299932000,2097199,2097167,2097199,0.0,0.0,14,2,0,0,2,1,1,1,0,0,0,0,1,1,0,0,0,0,0,0,0,0,0,0
300940000,2097199,2097167,2097199,0.0,0.0,14,2,0,0,2,1,1,1,0,0,0,0,1,1,0,0,0,0,0,0,0,0,0,0
301948000,2097199,2097167,2097199,0.0,0.0,14,2,0,0,2,1,1,1,0,0,0,0,1,1,0,0,0,0,0,0,0,0,0,0
302956000,2097199,2097167,2097199,0.0,0.0,14,2,0,0,2,1,1,1,0,0,0,0,1,1,0,0,0,0,0,0,0,0,0,0
303964000,2097199,2097167,2097199,0.0,0.0,14,2,0,0,2,1,1,1,0,0,0,0,1,1,0,0,0,0,0,0,0,0,0,0
304972000,2097199,2097167,2097199,0.0,0.0,14,2,0,0,2,1,1,1,0,0,0,0,1,1,0,0,0,0,0,0,0,0,0,0
305980000,2097199,2097167,2097199,0.0,0.0,14,2,0,0,2,1,1,1,0,0,0,0,1,1,0,0,0,0,0,0,0,0,0,0
306988000,2097199,2097167,2097199,0.0,0.0,14,2,0,0,2,1,1,1,0,0,0,0,1,1,0,0,0,0,0,0,0,0,0,0
307996000,2097199,2097167,2097199,0.0,0.0,14,2,0,0,2,1,1,1,0,0,0,0,1,1,0,0,0,0,0,0,0,0,0,0
309004000,2097199,2097167,2097199,0.0,0.0,14,2,0,0,2,1,1,1,0,0,0,0,1,1,0,0,0,0,0,0,0,0,0,0
310012000,2097199,2097167,2097199,0.0,0.0,14,2,0,0,2,1,1,1,0,0,0,0,1,1,0,0,0,0,0,0,0,0,0,0
311020000,2097199,2097167,2097199,0.0,0.0,14,2,0,0,2,1,1,1,0,0,0,0,1,1,0,0,0,0,0,0,0,0,0,0
312028000,2097199,2097167,2097199,0.0,0.0,14,2,0,0,2,1,1,1,0,0,0,0,1,1,0,0,0,0,0,0,0,0,0,0
313036000,2097199,2097167,2097199,0.0,0.0,14,2,0,0,2,1,1,1,0,0,0,0,1,1,0,0,0,0,0,0,0,0,0,0
314044000,2097199,2097167,2097199,0.0,0.0,14,2,0,0,2,1,1,1,0,0,0,0,1,1,0,0,0,0,0,0,0,0,0,0
315052000,2097199,2097167,2097199,0.0,0.0,14,2,0,0,2,1,1,1,0,0,0,0,1,1,0,0,0,0,0,0,0,0,0,0
316060000,2097199,2097167,2097199,0.0,0.0,14,2,0,0,2,1,1,1,0,0,0,0,1,1,0,0,0,0,0,0,0,0,0,0
317068000,2097199,2097167,2097199,0.0,0.0,14,2,0,0,2,1,1,1,0,0,0,0,1,1,0,0,0,0,0,0,0,0,0,0
318076000,2097199,2097167,2097199,0.0,0.0,14,2,0,0,2,1,1,1,0,0,0,0,1,1,0,0,0,0,0,0,0,0,0,0
319084000,2097199,2097167,2097199,0.0,0.0,14,2,0,0,2,1,1,1,0,0,0,0,1,1,0,0,0,0,0,0,0,0,0,0
320092000,2097199,2097167,2097199,0.0,0.0,14,2,0,0,2,1,1,1,0,0,0,0,1,1,0,0,0,0,0,0,0,0,0,0
321100000,2097199,2097167,2097199,0.0,0.0,14,2,0,0,2,1,1,1,0,0,0,0,1,1,0,0,0,0,0,0,0,0,0,0
322108000,2097199,2097167,2097199,0.0,0.0,14,2,0,0,2,1,1,1,0,0,0,0,1,1,0,0,0,0,0,0,0,0,0,0
323116000,2097199,2097167,2097199,0.0,0.0,14,2,0,0,2,1,1,1,0,0,0,0,1,1,0,0,0,0,0,0,0,0,0,0
324124000,2097199,2097167,2097199,0.0,0.0,14,2,0,0,2,1,1,1,0,0,0,0,1,1,0,0,0,0,0,0,0,0,0,0
325132000,2097199,2097167,2097199,0.0,0.0,14,2,0,0,2,1,1,1,0,0,0,0,1,1,0,0,0,0,0,0,0,0,0,0
326140000,2097199,2097167,2097199,0.0,0.0,14,2,0,0,2,1,1,1,0,0,0,0,1,1,0,0,0,0,0,0,0,0,0,0
327148000,2097199,2097167,2097199,0.0,0.0,14,2,0,0,2,1,1,1,0,0,0,0,1,1,0,0,0,0,0,0,0,0,0,0
327952000,2097199,2097167,2097199,0.0,0.0,14,2,0,0,2,1,1,1,0,0,0,0,1,1,0,0,0,0,0,0,0,0,0,0
328960000,2097199,2097167,2097199,0.0,0.0,14,2,0,0,2,1,1,1,0,0,0,0,1,1,0,0,0,0,0,0,0,0,0,0
329944000,2097199,2097167,2097199,0.0,0.0,14,2,0,0,2,1,1,1,0,0,0,0,1,1,0,0,0,0,0,0,0,0,0,0
330952000,2097199,2097167,2097199,0.0,0.0,14,2,0,0,2,1,1,1,0,0,0,0,1,1,0,0,0,0,0,0,0,0,0,0
331960000,2097199,2097167,2097199,0.0,0.0,14,2,0,0,2,1,1,1,0,0,0,0,1,1,0,0,0,0,0,0,0,0,0,0
332968000,2097199,2097167,2097199,0.0,0.0,14,2,0,0,2,1,1,1,0,0,0,0,1,1,0,0,0,0,0,0,0,0,0,0
333976000,2097199,2097167,2097199,0.0,0.0,14,2,0,0,2,1,1,1,0,0,0,0,1,1,0,0,0,0,0,0,0,0,0,0
334984000,2097199,2097167,2097199,0.0,0.0,14,2,0,0,2,1,1,1,0,0,0,0,1,1,0,0,0,0,0,0,0,0,0,0
335992000,2097199,2097167,2097199,0.0,0.0,14,2,0,0,2,1,1,1,0,0,0,0,1,1,0,0,0,0,0,0,0,0,0,0
337000000,2097199,2097167,2097199,0.0,0.0,14,2,0,0,2,1,1,1,0,0,0,0,1,1,0,0,0,0,0,0,0,0,0,0
338008000,2097199,2097167,2097199,0.0,0.0,14,2,0,0,2,1,1,1,0,0,0,0,1,1,0,0,0,0,0,0,0,0,0,0
339016000,2097199,2097167,2097199,0.0,0.0,14,2,0,0,2,1,1,1,0,0,0,0,1,1,0,0,0,0,0,0,0,0,0,0
340024000,2097199,2097167,2097199,0.0,0.0,14,2,0,0,2,1,1,1,0,0,0,0,1,1,0,0,0,0,0,0,0,0,0,0
341032000,2097199,2097167,2097199,0.0,0.0,14,2,0,0,2,1,1,1,0,0,0,0,1,1,0,0,0,0,0,0,0,0,0,0
342040000,2097199,2097167,2097199,0.0,0.0,14,2,0,0,2,1,1,1,0,0,0,0,1,1,0,0,0,0,0,0,0,0,0,0
343048000,2097199,2097167,2097199,0.0,0.0,14,2,0,0,2,1,1,1,0,0,0,0,1,1,0,0,0,0,0,0,0,0,0,0
344056000,2097199,2097167,2097199,0.0,0.0,14,2,0,0,2,1,1,1,0,0,0,0,1,1,0,0,0,0,0,0,0,0,0,0
345064000,2097199,2097167,2097199,0.0,0.0,14,2,0,0,2,1,1,1,0,0,0,0,1,1,0,0,0,0,0,0,0,0,0,0
346072000,2097199,2097167,2097199,0.0,0.0,14,2,0,0,2,1,1,1,0,0,0,0,1,1,0,0,0,0,0,0,0,0,0,0
347080000,2097199,2097167,2097199,0.0,0.0,14,2,0,0,2,1,1,1,0,0,0,0,1,1,0,0,0,0,0,0,0,0,0,0
348088000,2097199,2097167,2097199,0.0,0.0,14,2,0,0,2,1,1,1,0,0,0,0,1,1,0,0,0,0,0,0,0,0,0,0
349096000,2097199,2097167,2097199,0.0,0.0,14,2,0,0,2,1,1,1,0,0,0,0,1,1,0,0,0,0,0,0,0,0,0,0
350104000,2097199,2097167,2097199,0.0,0.0,14,2,0,0,2,1,1,1,0,0,0,0,1,1,0,0,0,0,0,0,0,0,0,0
351112000,2097199,2097167,2097199,0.0,0.0,14,2,0,0,2,1,1,1,0,0,0,0,1,1,0,0,0,0,0,0,0,0,0,0
352120000,2097199,2097167,2097199,0.0,0.0,14,2,0,0,2,1,1,1,0,0,0,0,1,1,0,0,0,0,0,0,0,0,0,0
353128000,2097199,2097167,2097199,0.0,0.0,14,2,0,0,2,1,1,1,0,0,0,0,1,1,0,0,0,0,0,0,0,0,0,0
354136000,2097199,2097167,2097199,0.0,0.0,14,2,0,0,2,1,1,1,0,0,0,0,1,1,0,0,0,0,0,0,0,0,0,0
355144000,2097199,2097167,2097199,0.0,0.0,14,2,0,0,2,1,1,1,0,0,0,0,1,1,0,0,0,0,0,0,0,0,0,0
356152000,2097199,2097167,2097199,0.0,0.0,14,2,0,0,2,1,1,1,0,0,0,0,1,1,0,0,0,0,0,0,0,0,0,0
357160000,2097199,2097167,2097199,0.0,0.0,14,2,0,0,2,1,1,1,0,0,0,0,1,1,0,0,0,0,0,0,0,0,0,0
358168000,2097199,2097167,2097199,0.0,0.0,14,2,0,0,2,1,1,1,0,0,0,0,1,1,0,0,0,0,0,0,0,0,0,0
359176000,2097199,2097167,2097199,0.0,0.0,14,2,0,0,2,1,1,1,0,0,0,0,1,1,0,0,0,0,0,0,0,0,0,0
360184000,2097199,2097167,2097199,0.0,0.0,14,2,0,0,2,1,1,1,0,0,0,0,1,1,0,0,0,0,0,0,0,0,0,0
360772000,2097199,2097167,2097199,0.0,0.0,14,2,0,0,2,1,1,1,0,0,0,0,1,1,0,0,0,0,0,0,0,0,0,0
361780000,2097199,2097167,2097199,0.0,0.0,14,2,0,0,2,1,1,1,0,0,0,0,1,1,0,0,0,0,0,0,0,0,0,0
362788000,2097199,2097167,2097199,0.0,0.0,14,2,0,0,2,1,1,1,0,0,0,0,1,1,0,0,0,0,0,0,0,0,0,0
363796000,2097199,2097167,2097199,0.0,0.0,14,2,0,0,2,1,1,1,0,0,0,0,1,1,0,0,0,0,0,0,0,0,0,0
364804000,2097199,2097167,2097199,0.0,0.0,14,2,0,0,2,1,1,1,0,0,0,0,1,1,0,0,0,0,0,0,0,0,0,0
365812000,2097199,2097167,2097199,0.0,0.0,14,2,0,0,2,1,1,1,0,0,0,0,1,1,0,0,0,0,0,0,0,0,0,0
366820000,2097199,2097167,2097199,0.0,0.0,14,2,0,0,2,1,1,1,0,0,0,0,1,1,0,0,0,0,0,0,0,0,0,0
367828000,2097199,2097167,2097199,0.0,0.0,14,2,0,0,2,1,1,1,0,0,0,0,1,1,0,0,0,0,0,0,0,0,0,0
368836000,2097199,2097167,2097199,0.0,0.0,14,2,0,0,2,1,1,1,0,0,0,0,1,1,0,0,0,0,0,0,0,0,0,0
369844000,2097199,2097167,2097199,0.0,0.0,14,2,0,0,2,1,1,1,0,0,0,0,1,1,0,0,0,0,0,0,0,0,0,0
370852000,2097199,2097167,2097199,0.0,0.0,14,2,0,0,2,1,1,1,0,0,0,0,1,1,0,0,0,0,0,0,0,0,0,0
371860000,2097199,2097167,2097199,0.0,0.0,14,2,0,0,2,1,1,1,0,0,0,0,1,1,0,0,0,0,0,0,0,0,0,0
372868000,2097199,2097167,2097199,0.0,0.0,14,2,0,0,2,1,1,1,0,0,0,0,1,1,0,0,0,0,0,0,0,0,0,0
373876000,2097199,2097167,2097199,0.0,0.0,14,2,0,0,2,1,1,1,0,0,0,0,1,1,0,0,0,0,0,0,0,0,0,0
374884000,2097199,2097167,2097199,0.0,0.0,14,2,0,0,2,1,1,1,0,0,0,0,1,1,0,0,0,0,0,0,0,0,0,0
375892000,2097199,2097167,2097199,0.0,0.0,14,2,0,0,2,1,1,1,0,0,0,0,1,1,0,0,0,0,0,0,0,0,0,0
376900000,2097199,2097167,2097199,0.0,0.0,14,2,0,0,2,1,1,1,0,0,0,0,1,1,0,0,0,0,0,0,0,0,0,0
377908000,2097199,2097167,2097199,0.0,0.0,14,2,0,0,2,1,1,1,0,0,0,0,1,1,0,0,0,0,0,0,0,0,0,0
378916000,2097199,2097167,2097199,0.0,0.0,14,2,0,0,2,1,1,1,0,0,0,0,1,1,0,0,0,0,0,0,0,0,0,0
379924000,2097199,2097167,2097199,0.0,0.0,14,2,0,0,2,1,1,1,0,0,0,0,1,1,0,0,0,0,0,0,0,0,0,0
380932000,2097199,2097167,2097199,0.0,0.0,14,2,0,0,2,1,1,1,0,0,0,0,1,1,0,0,0,0,0,0,0,0,0,0
381940000,2097199,2097167,2097199,0.0,0.0,14,2,0,0,2,1,1,1,0,0,0,0,1,1,0,0,0,0,0,0,0,0,0,0
382948000,2097199,2097167,2097199,0.0,0.0,14,2,0,0,2,1,1,1,0,0,0,0,1,1,0,0,0,0,0,0,0,0,0,0
383956000,2097199,2097167,2097199,0.0,0.0,14,2,0,0,2,1,1,1,0,0,0,0,1,1,0,0,0,0,0,0,0,0,0,0
384964000,2097199,2097167,2097199,0.0,0.0,14,2,0,0,2,1,1,1,0,0,0,0,1,1,0,0,0,0,0,0,0,0,0,0
385972000,2097199,2097167,2097199,0.0,0.0,14,2,0,0,2,1,1,1,0,0,0,0,1,1,0,0,0,0,0,0,0,0,0,0
386980000,2097199,2097167,2097199,0.0,0.0,14,2,0,0,2,1,1,1,0,0,0,0,1,1,0,0,0,0,0,0,0,0,0,0
387988000,2097199,2097167,2097199,0.0,0.0,14,2,0,0,2,1,1,1,0,0,0,0,1,1,0,0,0,0,0,0,0,0,0,0
388996000,2097199,2097167,2097199,0.0,0.0,14,2,0,0,2,1,1,1,0,0,0,0,1,1,0,0,0,0,0,0,0,0,0,0
389680000,2097199,2097167,2097199,0.0,0.0,14,2,0,0,2,1,1,1,0,0,0,0,1,1,0,0,0,0,0,0,0,0,0,0
390688000,2097199,2097167,2097199,0.0,0.0,14,2,0,0,2,1,1,1,0,0,0,0,1,1,0,0,0,0,0,0,0,0,0,0
391684000,2097199,2097167,2097199,0.0,0.0,14,2,0,0,2,1,1,1,0,0,0,0,1,1,0,0,0,0,0,0,0,0,0,0
392692000,2097199,2097167,2097199,0.0,0.0,14,2,0,0,2,1,1,1,0,0,0,0,1,1,0,0,0,0,0,0,0,0,0,0
393700000,2097199,2097167,2097199,0.0,0.0,14,2,0,0,2,1,1,1,0,0,0,0,1,1,0,0,0,0,0,0,0,0,0,0
394708000,2097199,2097167,2097199,0.0,0.0,14,2,0,0,2,1,1,1,0,0,0,0,1,1,0,0,0,0,0,0,0,0,0,0
395716000,2097199,2097167,2097199,0.0,0.0,14,2,0,0,2,1,1,1,0,0,0,0,1,1,0,0,0,0,0,0,0,0,0,0
396724000,2097199,2097167,2097199,0.0,0.0,14,2,0,0,2,1,1,1,0,0,0,0,1,1,0,0,0,0,0,0,0,0,0,0
397732000,2097199,2097167,2097199,0.0,0.0,14,2,0,0,2,1,1,1,0,0,0,0,1,1,0,0,0,0,0,0,0,0,0,0
398740000,2097199,2097167,2097199,0.0,0.0,14,2,0,0,2,1,1,1,0,0,0,0,1,1,0,0,0,0,0,0,0,0,0,0
399748000,2097199,2097167,2097199,0.0,0.0,14,2,0,0,2,1,1,1,0,0,0,0,1,1,0,0,0,0,0,0,0,0,0,0
400756000,2097199,2097167,2097199,0.0,0.0,14,2,0,0,2,1,1,1,0,0,0,0,1,1,0,0,0,0,0,0,0,0,0,0
401764000,2097199,2097167,2097199,0.0,0.0,14,2,0,0,2,1,1,1,0,0,0,0,1,1,0,0,0,0,0,0,0,0,0,0
402772000,2097199,2097167,2097199,0.0,0.0,14,2,0,0,2,1,1,1,0,0,0,0,1,1,0,0,0,0,0,0,0,0,0,0
403780000,2097199,2097167,2097199,0.0,0.0,14,2,0,0,2,1,1,1,0,0,0,0,1,1,0,0,0,0,0,0,0,0,0,0
404788000,2097199,2097167,2097199,0.0,0.0,14,2,0,0,2,1,1,1,0,0,0,0,1,1,0,0,0,0,0,0,0,0,0,0
405352000,2097199,2097167,2097199,0.0,0.0,14,2,0,0,2,1,1,1,0,0,0,0,1,1,0,0,0,0,0,0,0,0,0,0
406360000,2097199,2097167,2097199,0.0,0.0,14,2,0,0,2,1,1,1,0,0,0,0,1,1,0,0,0,0,0,0,0,0,0,0
407344000,2097199,2097167,2097199,0.0,0.0,14,2,0,0,2,1,1,1,0,0,0,0,1,1,0,0,0,0,0,0,0,0,0,0
408352000,2097199,2097167,2097199,0.0,0.0,14,2,0,0,2,1,1,1,0,0,0,0,1,1,0,0,0,0,0,0,0,0,0,0
409360000,2097199,2097167,2097199,0.0,0.0,14,2,0,0,2,1,1,1,0,0,0,0,1,1,0,0,0,0,0,0,0,0,0,0
410368000,2097199,2097167,2097199,0.0,0.0,14,2,0,0,2,1,1,1,0,0,0,0,1,1,0,0,0,0,0,0,0,0,0,0
411376000,2097199,2097167,2097199,0.0,0.0,14,2,0,0,2,1,1,1,0,0,0,0,1,1,0,0,0,0,0,0,0,0,0,0
412384000,2097199,2097167,2097199,0.0,0.0,14,2,0,0,2,1,1,1,0,0,0,0,1,1,0,0,0,0,0,0,0,0,0,0
413392000,2097199,2097167,2097199,0.0,0.0,14,2,0,0,2,1,1,1,0,0,0,0,1,1,0,0,0,0,0,0,0,0,0,0
414400000,2097199,2097167,2097199,0.0,0.0,14,2,0,0,2,1,1,1,0,0,0,0,1,1,0,0,0,0,0,0,0,0,0,0
415408000,2097199,2097167,2097199,0.0,0.0,14,2,0,0,2,1,1,1,0,0,0,0,1,1,0,0,0,0,0,0,0,0,0,0
416416000,2097199,2097167,2097199,0.0,0.0,14,2,0,0,2,1,1,1,0,0,0,0,1,1,0,0,0,0,0,0,0,0,0,0
417424000,2097199,2097167,2097199,0.0,0.0,14,2,0,0,2,1,1,1,0,0,0,0,1,1,0,0,0,0,0,0,0,0,0,0
418432000,2097199,2097167,2097199,0.0,0.0,14,2,0,0,2,1,1,1,0,0,0,0,1,1,0,0,0,0,0,0,0,0,0,0
419440000,2097199,2097167,2097199,0.0,0.0,14,2,0,0,2,1,1,1,0,0,0,0,1,1,0,0,0,0,0,0,0,0,0,0
420448000,2097199,2097167,2097199,0.0,0.0,14,2,0,0,2,1,1,1,0,0,0,0,1,1,0,0,0,0,0,0,0,0,0,0
421456000,2097199,2097167,2097199,0.0,0.0,14,2,0,0,2,1,1,1,0,0,0,0,1,1,0,0,0,0,0,0,0,0,0,0
422464000,2097199,2097167,2097199,0.0,0.0,14,2,0,0,2,1,1,1,0,0,0,0,1,1,0,0,0,0,0,0,0,0,0,0
423472000,2097199,2097167,2097199,0.0,0.0,14,2,0,0,2,1,1,1,0,0,0,0,1,1,0,0,0,0,0,0,0,0,0,0
424480000,2097199,2097167,2097199,0.0,0.0,14,2,0,0,2,1,1,1,0,0,0,0,1,1,0,0,0,0,0,0,0,0,0,0
425488000,2097199,2097167,2097199,0.0,0.0,14,2,0,0,2,1,1,1,0,0,0,0,1,1,0,0,0,0,0,0,0,0,0,0
426496000,2097199,2097167,2097199,0.0,0.0,14,2,0,0,2,1,1,1,0,0,0,0,1,1,0,0,0,0,0,0,0,0,0,0
427504000,2097199,2097167,2097199,0.0,0.0,14,2,0,0,2,1,1,1,0,0,0,0,1,1,0,0,0,0,0,0,0,0,0,0
428512000,2097199,2097167,2097199,0.0,0.0,14,2,0,0,2,1,1,1,0,0,0,0,1,1,0,0,0,0,0,0,0,0,0,0
429520000,2097199,2097167,2097199,0.0,0.0,14,2,0,0,2,1,1,1,0,0,0,0,1,1,0,0,0,0,0,0,0,0,0,0
430528000,2097199,2097167,2097199,0.0,0.0,14,2,0,0,2,1,1,1,0,0,0,0,1,1,0,0,0,0,0,0,0,0,0,0
431536000,2097199,2097167,2097199,0.0,0.0,14,2,0,0,2,1,1,1,0,0,0,0,1,1,0,0,0,0,0,0,0,0,0,0
432544000,2097199,2097167,2097199,0.0,0.0,14,2,0,0,2,1,1,1,0,0,0,0,1,1,0,0,0,0,0,0,0,0,0,0
433552000,2097199,2097167,2097199,0.0,0.0,14,2,0,0,2,1,1,1,0,0,0,0,1,1,0,0,0,0,0,0,0,0,0,0
434560000,2097199,2097167,2097199,0.0,0.0,14,2,0,0,2,1,1,1,0,0,0,0,1,1,0,0,0,0,0,0,0,0,0,0
435568000,2097199,2097167,2097199,0.0,0.0,14,2,0,0,2,1,1,1,0,0,0,0,1,1,0,0,0,0,0,0,0,0,0,0
436576000,2097199,2097167,2097199,0.0,0.0,14,2,0,0,2,1,1,1,0,0,0,0,1,1,0,0,0,0,0,0,0,0,0,0
437584000,2097199,2097167,2097199,0.0,0.0,14,2,0,0,2,1,1,1,0,0,0,0,1,1,0,0,0,0,0,0,0,0,0,0
438448000,2097199,2097167,2097199,0.0,0.0,14,2,0,0,2,1,1,1,0,0,0,0,1,1,0,0,0,0,0,0,0,0,0,0
439456000,2097199,2097167,2097199,0.0,0.0,14,2,0,0,2,1,1,1,0,0,0,0,1,1,0,0,0,0,0,0,0,0,0,0
440452000,2097199,2097167,2097199,0.0,0.0,18,2,0,0,2,1,1,1,0,0,0,0,1,1,0,0,0,0,0,0,0,0,0,0
441460000,2097199,2097167,2097199,0.0,0.0,18,2,0,0,2,1,1,1,0,0,0,0,1,1,0,0,0,0,0,0,0,0,0,0
441496000,2097199,2097167,2097199,0.0,0.0,18,2,0,0,2,1,1,1,0,0,0,0,1,1,0,0,0,0,0,0,0,0,0,0
442504000,2097199,2097167,2097199,0.0,0.0,18,2,0,0,2,1,1,1,0,0,0,0,1,1,0,0,0,0,0,0,0,0,0,0
443512000,2097199,2097167,2097199,0.0,0.0,18,2,0,0,2,1,1,1,0,0,0,0,1,1,0,0,0,0,0,0,0,0,0,0
444520000,2097199,2097167,2097199,0.0,0.0,18,2,0,0,2,1,1,1,0,0,0,0,1,1,0,0,0,0,0,0,0,0,0,0
445528000,2097199,2097167,2097199,0.0,0.0,18,2,0,0,2,1,1,1,0,0,0,0,1,1,0,0,0,0,0,0,0,0,0,0
446500000,2097199,2097167,2097199,0.0,0.0,18,2,0,0,2,1,1,1,0,0,0,0,1,1,0,0,0,0,0,0,0,0,0,0
447508000,2097199,2097167,2097199,0.0,0.0,18,2,0,0,2,1,1,1,0,0,0,0,1,1,0,0,0,0,0,0,0,0,0,0
448516000,2097199,2097167,2097199,0.0,0.0,18,2,0,0,2,1,1,1,0,0,0,0,1,1,0,0,0,0,0,0,0,0,0,0
449524000,2097199,2097167,2097199,0.0,0.0,18,2,0,0,2,1,1,1,0,0,0,0,1,1,0,0,0,0,0,0,0,0,0,0
450532000,2097199,2097167,2097199,0.0,0.0,18,2,0,0,2,1,1,1,0,0,0,0,1,1,0,0,0,0,0,0,0,0,0,0
451540000,2097199,2097167,2097199,0.0,0.0,18,2,0,0,2,1,1,1,0,0,0,0,1,1,0,0,0,0,0,0,0,0,0,0
452548000,2097199,2097167,2097199,0.0,0.0,18,2,0,0,2,1,1,1,0,0,0,0,1,1,0,0,0,0,0,0,0,0,0,0
453556000,2097199,2097167,2097199,0.0,0.0,18,2,0,0,2,1,1,1,0,0,0,0,1,1,0,0,0,0,0,0,0,0,0,0
454564000,2097199,2097167,2097199,0.0,0.0,18,2,0,0,2,1,1,1,0,0,0,0,1,1,0,0,0,0,0,0,0,0,0,0
455572000,2097199,2097167,2097199,0.0,0.0,18,2,0,0,2,1,1,1,0,0,0,0,1,1,0,0,0,0,0,0,0,0,0,0
456580000,2097199,2097167,2097199,0.0,0.0,18,2,0,0,2,1,1,1,0,0,0,0,1,1,0,0,0,0,0,0,0,0,0,0
457588000,2097199,2097167,2097199,0.0,0.0,18,2,0,0,2,1,1,1,0,0,0,0,1,1,0,0,0,0,0,0,0,0,0,0
458596000,2097199,2097167,2097199,0.0,0.0,18,2,0,0,2,1,1,1,0,0,0,0,1,1,0,0,0,0,0,0,0,0,0,0
459604000,2097199,2097167,2097199,0.0,0.0,18,2,0,0,2,1,1,1,0,0,0,0,1,1,0,0,0,0,0,0,0,0,0,0
460612000,2097199,2097167,2097199,0.0,0.0,18,2,0,0,2,1,1,1,0,0,0,0,1,1,0,0,0,0,0,0,0,0,0,0
461620000,2097199,2097167,2097199,0.0,0.0,18,2,0,0,2,1,1,1,0,0,0,0,1,1,0,0,0,0,0,0,0,0,0,0
462628000,2097199,2097167,2097199,0.0,0.0,18,2,0,0,2,1,1,1,0,0,0,0,1,1,0,0,0,0,0,0,0,0,0,0
463636000,2097199,2097167,2097199,0.0,0.0,18,2,0,0,2,1,1,1,0,0,0,0,1,1,0,0,0,0,0,0,0,0,0,0
464644000,2097199,2097167,2097199,0.0,0.0,18,2,0,0,2,1,1,1,0,0,0,0,1,1,0,0,0,0,0,0,0,0,0,0
465652000,2097199,2097167,2097199,0.0,0.0,18,2,0,0,2,1,1,1,0,0,0,0,1,1,0,0,0,0,0,0,0,0,0,0
466660000,2097199,2097167,2097199,0.0,0.0,18,2,0,0,2,1,1,1,0,0,0,0,1,1,0,0,0,0,0,0,0,0,0,0
467668000,2097199,2097167,2097199,0.0,0.0,18,2,0,0,2,1,1,1,0,0,0,0,1,1,0,0,0,0,0,0,0,0,0,0
468676000,2097199,2097167,2097199,0.0,0.0,18,2,0,0,2,1,1,1,0,0,0,0,1,1,0,0,0,0,0,0,0,0,0,0
469684000,2097199,2097167,2097199,0.0,0.0,18,2,0,0,2,1,1,1,0,0,0,0,1,1,0,0,0,0,0,0,0,0,0,0
470692000,2097199,2097167,2097199,0.0,0.0,18,2,0,0,2,1,1,1,0,0,0,0,1,1,0,0,0,0,0,0,0,0,0,0
471700000,2097199,2097167,2097199,0.0,0.0,18,2,0,0,2,1,1,1,0,0,0,0,1,1,0,0,0,0,0,0,0,0,0,0
472708000,2097199,2097167,2097199,0.0,0.0,18,2,0,0,2,1,1,1,0,0,0,0,1,1,0,0,0,0,0,0,0,0,0,0
473716000,2097199,2097167,2097199,0.0,0.0,18,2,0,0,2,1,1,1,0,0,0,0,1,1,0,0,0,0,0,0,0,0,0,0
474724000,2097199,2097167,2097199,0.0,0.0,18,2,0,0,2,1,1,1,0,0,0,0,1,1,0,0,0,0,0,0,0,0,0,0
475732000,2097199,2097167,2097199,0.0,0.0,18,2,0,0,2,1,1,1,0,0,0,0,1,1,0,0,0,0,0,0,0,0,0,0
476740000,2097199,2097167,2097199,0.0,0.0,18,2,0,0,2,1,1,1,0,0,0,0,1,1,0,0,0,0,0,0,0,0,0,0
477748000,2097199,2097167,2097199,0.0,0.0,18,2,0,0,2,1,1,1,0,0,0,0,1,1,0,0,0,0,0,0,0,0,0,0
478756000,2097199,2097167,2097199,0.0,0.0,18,2,0,0,2,1,1,1,0,0,0,0,1,1,0,0,0,0,0,0,0,0,0,0
479764000,2097199,2097167,2097199,0.0,0.0,18,2,0,0,2,1,1,1,0,0,0,0,1,1,0,0,0,0,0,0,0,0,0,0
480772000,2097199,2097167,2097199,0.0,0.0,18,2,0,0,2,1,1,1,0,0,0,0,1,1,0,0,0,0,0,0,0,0,0,0
481780000,2097199,2097167,2097199,0.0,0.0,18,2,0,0,2,1,1,1,0,0,0,0,1,1,0,0,0,0,0,0,0,0,0,0
482788000,2097199,2097167,2097199,0.0,0.0,18,2,0,0,2,1,1,1,0,0,0,0,1,1,0,0,0,0,0,0,0,0,0,0
483796000,2097199,2097167,2097199,0.0,0.0,18,2,0,0,2,1,1,1,0,0,0,0,1,1,0,0,0,0,0,0,0,0,0,0
484804000,2097199,2097167,2097199,0.0,0.0,18,2,0,0,2,1,1,1,0,0,0,0,1,1,0,0,0,0,0,0,0,0,0,0
485812000,2097199,2097167,2097199,0.0,0.0,18,2,0,0,2,1,1,1,0,0,0,0,1,1,0,0,0,0,0,0,0,0,0,0
486820000,2097199,2097167,2097199,0.0,0.0,18,2,0,0,2,1,1,1,0,0,0,0,1,1,0,0,0,0,0,0,0,0,0,0
487828000,2097199,2097167,2097199,0.0,0.0,18,2,0,0,2,1,1,1,0,0,0,0,1,1,0,0,0,0,0,0,0,0,0,0
488344000,2097199,2097167,2097199,0.0,0.0,18,1,0,0,2,1,1,1,0,0,0,0,1,1,0,0,0,0,0,0,0,0,0,0
