timestamp,heartbeat_time,data_rate,rate_multiplier,rate_rx,rate_tx,rate_txerr,remote_system_id,remote_component_id,remote_type,remote_system_status,type,mode,flow_control,forwarding,mavlink_v2,ftp,streams
1000000,0,4e+06,1.0,0.0,0.0,0.0,0,0,0,0,0,0,0,0,0,1,37
1000000,0,4e+06,1.0,0.0,0.0,0.0,0,0,0,0,0,2,0,0,0,1,43
2000000,0,4e+06,1.0,0.0,0.0,0.0,0,0,0,0,0,0,0,0,0,1,37
2000000,0,4e+06,1.0,0.0,0.0,0.0,0,0,0,0,0,2,0,0,0,1,43
3000000,0,4e+06,1.0,0.0,534.322,0.0,0,0,0,0,0,0,0,0,0,1,37
3000000,0,4e+06,1.0,0.0,812.619,0.0,0,0,0,0,0,2,0,0,0,1,43
4000000,0,4e+06,1.0,0.0,9.79084,0.0,0,0,0,0,0,0,0,0,0,1,37
4000000,0,4e+06,1.0,0.0,14.9562,0.0,0,0,0,0,0,2,0,0,0,1,43
5000000,0,4e+06,1.0,0.0,9.74602,0.0,0,0,0,0,0,0,0,0,0,1,37
5000000,0,4e+06,1.0,0.0,14.8845,0.0,0,0,0,0,0,2,0,0,0,1,43
6000000,0,4e+06,1.0,0.0,9.72112,0.0,0,0,0,0,0,0,0,0,0,1,37
6000000,0,4e+06,1.0,0.0,14.8446,0.0,0,0,0,0,0,2,0,0,0,1,43
7000000,0,4e+06,1.0,0.0,9.80578,0.0,0,0,0,0,0,0,0,0,0,1,37
7000000,0,4e+06,1.0,0.0,14.9143,0.0,0,0,0,0,0,2,0,0,0,1,43
8000000,0,4e+06,1.0,0.0,9.75697,0.0,0,0,0,0,0,0,0,0,0,1,37
8000000,0,4e+06,1.0,0.0,14.8825,0.0,0,0,0,0,0,2,0,0,0,1,43
9000000,0,4e+06,1.0,0.0,9.70119,0.0,0,0,0,0,0,0,0,0,0,1,37
9000000,0,4e+06,1.0,0.0,14.9562,0.0,0,0,0,0,0,2,0,0,0,1,43
10000000,0,4e+06,1.0,0.0,9.76593,0.0,0,0,0,0,0,0,0,0,0,1,37
10000000,0,4e+06,1.0,0.0,14.8466,0.0,0,0,0,0,0,2,0,0,0,1,43
11000000,0,4e+06,1.0,0.0,14.8825,0.0,0,0,0,0,0,2,0,0,0,1,43
11000000,0,4e+06,1.0,0.0,9.64044,0.0,0,0,0,0,0,0,0,0,0,1,37
12000000,0,4e+06,1.0,0.0,9.8257,0.0,0,0,0,0,0,0,0,0,0,1,37
12000000,0,4e+06,1.0,0.0,14.9123,0.0,0,0,0,0,0,2,0,0,0,1,43
13000000,0,4e+06,1.0,0.0,9.81972,0.0,0,0,0,0,0,0,0,0,0,1,37
13000000,0,4e+06,1.0,0.0,14.9273,0.0,0,0,0,0,0,2,0,0,0,1,43
14000000,0,4e+06,1.0,0.0,9.72112,0.0,0,0,0,0,0,0,0,0,0,1,37
14000000,0,4e+06,1.0,0.0,14.9562,0.0,0,0,0,0,0,2,0,0,0,1,43
15000000,0,4e+06,1.0,0.0,9.74602,0.0,0,0,0,0,0,0,0,0,0,1,37
15000000,0,4e+06,1.0,0.0,14.8466,0.0,0,0,0,0,0,2,0,0,0,1,43
16000000,0,4e+06,1.0,0.0,9.75697,0.0,0,0,0,0,0,0,0,0,0,1,37
16000000,0,4e+06,1.0,0.0,15.3127,0.0,0,0,0,0,0,2,0,0,0,1,43
17000000,0,4e+06,1.0,0.0,11.5986,0.0,0,0,0,0,0,0,0,0,0,1,37
17000000,0,4e+06,1.0,0.0,16.6693,0.0,0,0,0,0,0,2,0,0,0,1,43
18000000,0,4e+06,1.0,0.0,10.7629,0.0,0,0,0,0,0,0,0,0,0,1,37
18000000,0,4e+06,1.0,0.0,16.6145,0.0,0,0,0,0,0,2,0,0,0,1,43
19000000,0,4e+06,1.0,0.0,9.37052,0.0,0,0,0,0,0,0,0,0,0,1,37
19000000,0,4e+06,1.0,0.0,16.8884,0.0,0,0,0,0,0,2,0,0,0,1,43
20000000,0,4e+06,1.0,0.0,9.39143,0.0,0,0,0,0,0,0,0,0,0,1,37
20000000,0,4e+06,1.0,0.0,16.9143,0.0,0,0,0,0,0,2,0,0,0,1,43
21000000,0,4e+06,1.0,0.0,9.39243,0.0,0,0,0,0,0,0,0,0,0,1,37
21000000,0,4e+06,1.0,0.0,16.8506,0.0,0,0,0,0,0,2,0,0,0,1,43
22000000,0,4e+06,1.0,0.0,9.49602,0.0,0,0,0,0,0,0,0,0,0,1,37
22000000,0,4e+06,1.0,0.0,16.8685,0.0,0,0,0,0,0,2,0,0,0,1,43
23000000,0,4e+06,1.0,0.0,9.44223,0.0,0,0,0,0,0,0,0,0,0,1,37
23000000,0,4e+06,1.0,0.0,16.8147,0.0,0,0,0,0,0,2,0,0,0,1,43
24000000,0,4e+06,1.0,0.0,9.39143,0.0,0,0,0,0,0,0,0,0,0,1,37
24000000,0,4e+06,1.0,0.0,16.9482,0.0,0,0,0,0,0,2,0,0,0,1,43
25000000,0,4e+06,1.0,0.0,9.37052,0.0,0,0,0,0,0,0,0,0,0,1,37
25000000,0,4e+06,1.0,0.0,16.7789,0.0,0,0,0,0,0,2,0,0,0,1,43
26000000,0,4e+06,1.0,0.0,9.39143,0.0,0,0,0,0,0,0,0,0,0,1,37
26000000,0,4e+06,1.0,0.0,16.9104,0.0,0,0,0,0,0,2,0,0,0,1,43
27000000,0,4e+06,1.0,0.0,9.4751,0.0,0,0,0,0,0,0,0,0,0,1,37
27000000,0,4e+06,1.0,0.0,16.8894,0.0,0,0,0,0,0,2,0,0,0,1,43
28000000,0,4e+06,1.0,0.0,9.46315,0.0,0,0,0,0,0,0,0,0,0,1,37
28000000,0,4e+06,1.0,0.0,17.0179,0.0,0,0,0,0,0,2,0,0,0,1,43
29000000,0,4e+06,1.0,0.0,9.37052,0.0,0,0,0,0,0,0,0,0,0,1,37
29000000,0,4e+06,1.0,0.0,16.8884,0.0,0,0,0,0,0,2,0,0,0,1,43
30000000,0,4e+06,1.0,0.0,9.39143,0.0,0,0,0,0,0,0,0,0,0,1,37
30000000,0,4e+06,1.0,0.0,16.8386,0.0,0,0,0,0,0,2,0,0,0,1,43
31000000,0,4e+06,1.0,0.0,9.39243,0.0,0,0,0,0,0,0,0,0,0,1,37
31000000,0,4e+06,1.0,0.0,16.8884,0.0,0,0,0,0,0,2,0,0,0,1,43
32000000,0,4e+06,1.0,0.0,9.49602,0.0,0,0,0,0,0,0,0,0,0,1,37
32000000,0,4e+06,1.0,0.0,16.8685,0.0,0,0,0,0,0,2,0,0,0,1,43
33000000,0,4e+06,1.0,0.0,9.44223,0.0,0,0,0,0,0,0,0,0,0,1,37
33000000,0,4e+06,1.0,0.0,16.8147,0.0,0,0,0,0,0,2,0,0,0,1,43
34000000,0,4e+06,1.0,0.0,9.39143,0.0,0,0,0,0,0,0,0,0,0,1,37
34000000,0,4e+06,1.0,0.0,16.9482,0.0,0,0,0,0,0,2,0,0,0,1,43
35000000,0,4e+06,1.0,0.0,9.37052,0.0,0,0,0,0,0,0,0,0,0,1,37
35000000,0,4e+06,1.0,0.0,16.7789,0.0,0,0,0,0,0,2,0,0,0,1,43
36000000,0,4e+06,1.0,0.0,9.39143,0.0,0,0,0,0,0,0,0,0,0,1,37
36000000,0,4e+06,1.0,0.0,16.9104,0.0,0,0,0,0,0,2,0,0,0,1,43
37000000,0,4e+06,1.0,0.0,9.4751,0.0,0,0,0,0,0,0,0,0,0,1,37
37000000,0,4e+06,1.0,0.0,16.8446,0.0,0,0,0,0,0,2,0,0,0,1,43
38000000,0,4e+06,1.0,0.0,9.46315,0.0,0,0,0,0,0,0,0,0,0,1,37
38000000,0,4e+06,1.0,0.0,16.8745,0.0,0,0,0,0,0,2,0,0,0,1,43
39000000,0,4e+06,1.0,0.0,9.37052,0.0,0,0,0,0,0,0,0,0,0,1,37
39000000,0,4e+06,1.0,0.0,16.8884,0.0,0,0,0,0,0,2,0,0,0,1,43
40000000,0,4e+06,1.0,0.0,9.39143,0.0,0,0,0,0,0,0,0,0,0,1,37
40000000,0,4e+06,1.0,0.0,16.8386,0.0,0,0,0,0,0,2,0,0,0,1,43
41000000,0,4e+06,1.0,0.0,9.39243,0.0,0,0,0,0,0,0,0,0,0,1,37
41000000,0,4e+06,1.0,0.0,16.8506,0.0,0,0,0,0,0,2,0,0,0,1,43
42000000,0,4e+06,1.0,0.0,9.49602,0.0,0,0,0,0,0,0,0,0,0,1,37
42000000,0,4e+06,1.0,0.0,16.8685,0.0,0,0,0,0,0,2,0,0,0,1,43
43000000,0,4e+06,1.0,0.0,9.44223,0.0,0,0,0,0,0,0,0,0,0,1,37
43000000,0,4e+06,1.0,0.0,16.8147,0.0,0,0,0,0,0,2,0,0,0,1,43
44000000,0,4e+06,1.0,0.0,9.39143,0.0,0,0,0,0,0,0,0,0,0,1,37
44000000,0,4e+06,1.0,0.0,16.9482,0.0,0,0,0,0,0,2,0,0,0,1,43
45000000,0,4e+06,1.0,0.0,9.37052,0.0,0,0,0,0,0,0,0,0,0,1,37
45000000,0,4e+06,1.0,0.0,16.8546,0.0,0,0,0,0,0,2,0,0,0,1,43
46000000,0,4e+06,1.0,0.0,9.39143,0.0,0,0,0,0,0,0,0,0,0,1,37
46000000,0,4e+06,1.0,0.0,16.9104,0.0,0,0,0,0,0,2,0,0,0,1,43
47000000,0,4e+06,1.0,0.0,9.4751,0.0,0,0,0,0,0,0,0,0,0,1,37
47000000,0,4e+06,1.0,0.0,16.8088,0.0,0,0,0,0,0,2,0,0,0,1,43
48000000,0,4e+06,1.0,0.0,9.46315,0.0,0,0,0,0,0,0,0,0,0,1,37
48000000,0,4e+06,1.0,0.0,16.8745,0.0,0,0,0,0,0,2,0,0,0,1,43
49000000,0,4e+06,1.0,0.0,9.37052,0.0,0,0,0,0,0,0,0,0,0,1,37
49000000,0,4e+06,1.0,0.0,16.8884,0.0,0,0,0,0,0,2,0,0,0,1,43
50000000,0,4e+06,1.0,0.0,9.39143,0.0,0,0,0,0,0,0,0,0,0,1,37
50000000,0,4e+06,1.0,0.0,16.8386,0.0,0,0,0,0,0,2,0,0,0,1,43
51000000,0,4e+06,1.0,0.0,9.39243,0.0,0,0,0,0,0,0,0,0,0,1,37
51000000,0,4e+06,1.0,0.0,16.8506,0.0,0,0,0,0,0,2,0,0,0,1,43
52000000,0,4e+06,1.0,0.0,9.49602,0.0,0,0,0,0,0,0,0,0,0,1,37
52000000,0,4e+06,1.0,0.0,17.0418,0.0,0,0,0,0,0,2,0,0,0,1,43
53000000,0,4e+06,1.0,0.0,9.44223,0.0,0,0,0,0,0,0,0,0,0,1,37
53000000,0,4e+06,1.0,0.0,16.9582,0.0,0,0,0,0,0,2,0,0,0,1,43
54000000,0,4e+06,1.0,0.0,9.39143,0.0,0,0,0,0,0,0,0,0,0,1,37
54000000,0,4e+06,1.0,0.0,16.9482,0.0,0,0,0,0,0,2,0,0,0,1,43
55000000,0,4e+06,1.0,0.0,9.37052,0.0,0,0,0,0,0,0,0,0,0,1,37
55000000,0,4e+06,1.0,0.0,16.7789,0.0,0,0,0,0,0,2,0,0,0,1,43
56000000,0,4e+06,1.0,0.0,9.39143,0.0,0,0,0,0,0,0,0,0,0,1,37
56000000,0,4e+06,1.0,0.0,16.9482,0.0,0,0,0,0,0,2,0,0,0,1,43
57000000,0,4e+06,1.0,0.0,9.4751,0.0,0,0,0,0,0,0,0,0,0,1,37
57000000,0,4e+06,1.0,0.0,16.8088,0.0,0,0,0,0,0,2,0,0,0,1,43
58000000,0,4e+06,1.0,0.0,9.46315,0.0,0,0,0,0,0,0,0,0,0,1,37
58000000,0,4e+06,1.0,0.0,16.8745,0.0,0,0,0,0,0,2,0,0,0,1,43
59000000,0,4e+06,1.0,0.0,9.37052,0.0,0,0,0,0,0,0,0,0,0,1,37
59000000,0,4e+06,1.0,0.0,16.8884,0.0,0,0,0,0,0,2,0,0,0,1,43
60000000,0,4e+06,1.0,0.0,9.39143,0.0,0,0,0,0,0,0,0,0,0,1,37
60000000,0,4e+06,1.0,0.0,16.8386,0.0,0,0,0,0,0,2,0,0,0,1,43
61000000,0,4e+06,1.0,0.0,9.39243,0.0,0,0,0,0,0,0,0,0,0,1,37
61000000,0,4e+06,1.0,0.0,16.8506,0.0,0,0,0,0,0,2,0,0,0,1,43
62000000,0,4e+06,1.0,0.0,9.49602,0.0,0,0,0,0,0,0,0,0,0,1,37
62000000,0,4e+06,1.0,0.0,16.9044,0.0,0,0,0,0,0,2,0,0,0,1,43
63000000,0,4e+06,1.0,0.0,9.44223,0.0,0,0,0,0,0,0,0,0,0,1,37
63000000,0,4e+06,1.0,0.0,16.8147,0.0,0,0,0,0,0,2,0,0,0,1,43
64000000,0,4e+06,1.0,0.0,9.39143,0.0,0,0,0,0,0,0,0,0,0,1,37
64000000,0,4e+06,1.0,0.0,16.9482,0.0,0,0,0,0,0,2,0,0,0,1,43
65000000,0,4e+06,1.0,0.0,9.39841,0.0,0,0,0,0,0,0,0,0,0,1,37
65000000,0,4e+06,1.0,0.0,16.7789,0.0,0,0,0,0,0,2,0,0,0,1,43
66000000,0,4e+06,1.0,0.0,9.39143,0.0,0,0,0,0,0,0,0,0,0,1,37
66000000,0,4e+06,1.0,0.0,16.9104,0.0,0,0,0,0,0,2,0,0,0,1,43
67000000,0,4e+06,1.0,0.0,9.4751,0.0,0,0,0,0,0,0,0,0,0,1,37
67000000,0,4e+06,1.0,0.0,16.8088,0.0,0,0,0,0,0,2,0,0,0,1,43
68000000,0,4e+06,1.0,0.0,9.46315,0.0,0,0,0,0,0,0,0,0,0,1,37
68000000,0,4e+06,1.0,0.0,16.8745,0.0,0,0,0,0,0,2,0,0,0,1,43
68612000,68608000,4e+06,1.0,0.0438247,18.4701,0.0,190,191,6,0,0,2,0,0,1,1,43
69000000,0,4e+06,1.0,0.0,9.38147,0.0,0,0,0,0,0,0,0,0,0,1,37
69612000,69608000,4e+06,1.0,0.170319,25.9621,0.0,190,191,6,0,0,2,0,0,1,1,43
70000000,0,4e+06,1.0,0.0,9.40239,0.0,0,0,0,0,0,0,0,0,0,1,37
70612000,69608000,4e+06,1.0,0.143426,25.9552,0.0,190,191,6,0,0,2,0,0,1,1,43
71000000,0,4e+06,1.0,0.0,9.41434,0.0,0,0,0,0,0,0,0,0,0,1,37
71612000,70612000,4e+06,1.0,0.0209163,26.7151,0.0,190,191,6,0,0,2,0,0,1,1,43
71620000,71616000,4e+06,1.0,0.0209163,26.7151,0.0,190,191,6,0,0,2,0,0,1,1,43
72000000,0,4e+06,1.0,0.0,11.739,0.0,0,0,0,0,0,0,0,0,0,1,37
72620000,71616000,4e+06,1.0,0.0209163,26.7779,0.0,190,191,6,0,0,2,0,0,1,1,43
73000000,0,4e+06,1.0,0.0,14.6215,0.0,0,0,0,0,0,0,0,0,0,1,37
73620000,72620000,4e+06,1.0,0.0209163,26.9343,0.0,190,191,6,0,0,2,0,0,1,1,43
74000000,0,4e+06,1.0,0.0,14.6295,0.0,0,0,0,0,0,0,0,0,0,1,37
74620000,73620000,4e+06,1.0,0.0209163,26.737,0.0,190,191,6,0,0,2,0,0,1,1,43
75000000,0,4e+06,1.0,0.0,14.5498,0.0,0,0,0,0,0,0,0,0,0,1,37
75620000,74620000,4e+06,1.0,0.0209163,26.9472,0.0,190,191,6,0,0,2,0,0,1,1,43
75628000,75624000,4e+06,1.0,0.0209163,26.9472,0.0,190,191,6,0,0,2,0,0,1,1,43
76000000,0,4e+06,1.0,0.0,14.6554,0.0,0,0,0,0,0,0,0,0,0,1,37
76628000,76624000,4e+06,1.0,0.0209163,26.8556,0.0,190,191,6,0,0,2,0,0,1,1,43
77000000,0,4e+06,1.0,0.0,14.6544,0.0,0,0,0,0,0,0,0,0,0,1,37
77624000,77620000,4e+06,1.0,0.0209163,27.0,0.0,190,191,6,0,0,2,0,0,1,1,43
78000000,0,4e+06,1.0,0.0,14.6424,0.0,0,0,0,0,0,0,0,0,0,1,37
78624000,77620000,4e+06,1.0,0.0209163,26.8556,0.0,190,191,6,0,0,2,0,0,1,1,43
79000000,0,4e+06,1.0,0.0,14.6086,0.0,0,0,0,0,0,0,0,0,0,1,37
79624000,78624000,4e+06,1.0,0.0209163,27.0468,0.0,190,191,6,0,0,2,0,0,1,1,43
79632000,79628000,4e+06,1.0,0.0209163,27.0468,0.0,190,191,6,0,0,2,0,0,1,1,43
80000000,0,4e+06,1.0,0.0,14.5707,0.0,0,0,0,0,0,0,0,0,0,1,37
80632000,80628000,4e+06,1.0,0.0209163,26.8715,0.0,190,191,6,0,0,2,0,0,1,1,43
81000000,0,4e+06,1.0,0.0,14.6165,0.0,0,0,0,0,0,0,0,0,0,1,37
81632000,80628000,4e+06,1.0,0.0209163,26.8396,0.0,190,191,6,0,0,2,0,0,1,1,43
82000000,0,4e+06,1.0,0.0,14.6753,0.0,0,0,0,0,0,0,0,0,0,1,37
82632000,81632000,4e+06,1.0,0.0209163,26.7779,0.0,190,191,6,0,0,2,0,0,1,1,43
82640000,82636000,4e+06,1.0,0.0209163,26.7779,0.0,190,191,6,0,0,2,0,0,1,1,43
83000000,0,4e+06,1.0,0.0,14.6215,0.0,0,0,0,0,0,0,0,0,0,1,37
83640000,82636000,4e+06,1.0,0.0209163,26.9233,0.0,190,191,6,0,0,2,0,0,1,1,43
84000000,0,4e+06,1.0,0.0,14.6295,0.0,0,0,0,0,0,0,0,0,0,1,37
84640000,83640000,4e+06,1.0,0.0209163,26.738,0.0,190,191,6,0,0,2,0,0,1,1,43
84644000,84644000,4e+06,1.0,0.0209163,26.738,0.0,190,191,6,0,0,2,0,0,1,1,43
85000000,0,4e+06,1.0,0.0,14.5498,0.0,0,0,0,0,0,0,0,0,0,1,37
85644000,84644000,4e+06,1.0,0.0209163,26.9283,0.0,190,191,6,0,0,2,0,0,1,1,43
86000000,0,4e+06,1.0,0.0,14.6155,0.0,0,0,0,0,0,0,0,0,0,1,37
86644000,85644000,4e+06,1.0,0.0209163,26.8118,0.0,190,191,6,0,0,2,0,0,1,1,43
86652000,86648000,4e+06,1.0,0.0209163,26.8118,0.0,190,191,6,0,0,2,0,0,1,1,43
87000000,0,4e+06,1.0,0.0,14.6544,0.0,0,0,0,0,0,0,0,0,0,1,37
87652000,86648000,4e+06,1.0,0.0209163,27.0867,0.0,190,191,6,0,0,2,0,0,1,1,43
88000000,0,4e+06,1.0,0.0,14.7122,0.0,0,0,0,0,0,0,0,0,0,1,37
88652000,87652000,4e+06,1.0,0.0209163,26.8556,0.0,190,191,6,0,0,2,0,0,1,1,43
89000000,0,4e+06,1.0,0.0,14.4801,0.0,0,0,0,0,0,0,0,0,0,1,37
89652000,88652000,4e+06,1.0,0.0209163,26.8058,0.0,190,191,6,0,0,2,0,0,1,1,43
89660000,89656000,4e+06,1.0,0.0209163,26.8058,0.0,190,191,6,0,0,2,0,0,1,1,43
90000000,0,4e+06,1.0,0.0,14.6992,0.0,0,0,0,0,0,0,0,0,0,1,37
90660000,90656000,4e+06,1.0,0.0209163,26.8167,0.0,190,191,6,0,0,2,0,0,1,1,43
91000000,0,4e+06,1.0,0.0,14.5468,0.0,0,0,0,0,0,0,0,0,0,1,37
91660000,91656000,4e+06,1.0,0.0209163,26.8396,0.0,190,191,6,0,0,2,0,0,1,1,43
92000000,0,4e+06,1.0,0.0,14.745,0.0,0,0,0,0,0,0,0,0,0,1,37
92660000,91656000,4e+06,1.0,0.0209163,26.7779,0.0,190,191,6,0,0,2,0,0,1,1,43
93000000,0,4e+06,1.0,0.0,14.5518,0.0,0,0,0,0,0,0,0,0,0,1,37
93660000,92660000,4e+06,1.0,0.0209163,26.9233,0.0,190,191,6,0,0,2,0,0,1,1,43
93668000,93664000,4e+06,1.0,0.0209163,26.9233,0.0,190,191,6,0,0,2,0,0,1,1,43
94000000,0,4e+06,1.0,0.0,14.6992,0.0,0,0,0,0,0,0,0,0,0,1,37
94668000,93664000,4e+06,1.0,0.0209163,26.8217,0.0,190,191,6,0,0,2,0,0,1,1,43
95000000,0,4e+06,1.0,0.0,14.4801,0.0,0,0,0,0,0,0,0,0,0,1,37
95668000,94668000,4e+06,1.0,0.0209163,27.1255,0.0,190,191,6,0,0,2,0,0,1,1,43
96000000,0,4e+06,1.0,0.0,14.6853,0.0,0,0,0,0,0,0,0,0,0,1,37
96668000,95668000,4e+06,1.0,0.0209163,26.7719,0.0,190,191,6,0,0,2,0,0,1,1,43
96676000,96672000,4e+06,1.0,0.0209163,26.7719,0.0,190,191,6,0,0,2,0,0,1,1,43
97000000,0,4e+06,1.0,0.0,14.5847,0.0,0,0,0,0,0,0,0,0,0,1,37
97676000,96672000,4e+06,1.0,0.0209163,26.8456,0.0,190,191,6,0,0,2,0,0,1,1,43
98000000,0,4e+06,1.0,0.0,14.7709,0.0,0,0,0,0,0,0,0,0,0,1,37
98676000,97676000,4e+06,1.0,0.0209163,26.8556,0.0,190,191,6,0,0,2,0,0,1,1,43
99000000,0,4e+06,1.0,0.0,14.4801,0.0,0,0,0,0,0,0,0,0,0,1,37
99676000,98676000,4e+06,1.0,0.0209163,26.8058,0.0,190,191,6,0,0,2,0,0,1,1,43
100000000,0,4e+06,1.0,0.0,14.6992,0.0,0,0,0,0,0,0,0,0,0,1,37
100676000,98676000,4e+06,1.0,0.108566,26.9014,0.0,190,191,6,0,0,2,0,0,1,1,43
101000000,0,4e+06,1.0,0.0,14.499,0.0,0,0,0,0,0,0,0,0,0,1,37
101676000,98676000,4e+06,1.0,0.0,27.0279,0.0,190,191,6,0,0,2,0,0,1,1,43
102000000,0,4e+06,1.0,0.0,14.8038,0.0,0,0,0,0,0,0,0,0,0,1,37
102676000,98676000,4e+06,1.0,0.0,26.9323,0.0,190,191,6,0,0,2,0,0,1,1,43
103000000,0,4e+06,1.0,0.0,14.493,0.0,0,0,0,0,0,0,0,0,0,1,37
103676000,98676000,4e+06,1.0,0.0,26.9233,0.0,190,191,6,0,0,2,0,0,1,1,43
104000000,0,4e+06,1.0,0.0,14.758,0.0,0,0,0,0,0,0,0,0,0,1,37
104676000,98676000,4e+06,1.0,0.0,26.9791,0.0,190,191,6,0,0,2,0,0,1,1,43
105000000,0,4e+06,1.0,0.0,14.4213,0.0,0,0,0,0,0,0,0,0,0,1,37
105676000,98676000,4e+06,1.0,0.0,26.9392,0.0,190,191,6,0,0,2,0,0,1,1,43
106000000,0,4e+06,1.0,0.0,14.744,0.0,0,0,0,0,0,0,0,0,0,1,37
106676000,98676000,4e+06,1.0,0.0,26.7719,0.0,190,191,6,0,0,2,0,0,1,1,43
107000000,0,4e+06,1.0,0.0,14.5259,0.0,0,0,0,0,0,0,0,0,0,1,37
107676000,98676000,4e+06,1.0,0.0,26.8456,0.0,190,191,6,0,0,2,0,0,1,1,43
108000000,0,4e+06,1.0,0.0,14.7709,0.0,0,0,0,0,0,0,0,0,0,1,37
108308000,108304000,4e+06,1.0,0.0,26.8456,0.0,190,191,6,0,0,2,0,0,1,1,43
109000000,0,4e+06,1.0,0.0,14.502,0.0,0,0,0,0,0,0,0,0,0,1,37
109308000,109304000,4e+06,1.0,0.214143,27.1185,0.0,190,191,6,0,0,2,0,0,1,1,43
110000000,0,4e+06,1.0,0.0,14.7102,0.0,0,0,0,0,0,0,0,0,0,1,37
110308000,109304000,4e+06,1.0,0.323705,26.8277,0.0,190,191,6,0,0,2,0,0,1,1,43
111000000,0,4e+06,1.0,0.0,14.488,0.0,0,0,0,0,0,0,0,0,0,1,37
111308000,110308000,4e+06,1.0,1.31574,26.9193,0.0,190,191,6,0,0,2,0,0,1,1,43
112000000,0,4e+06,1.0,0.0,14.8038,0.0,0,0,0,0,0,0,0,0,0,1,37
112308000,111308000,4e+06,1.0,1.31574,26.8546,0.0,190,191,6,0,0,2,0,0,1,1,43
113000000,0,4e+06,1.0,0.0,14.493,0.0,0,0,0,0,0,0,0,0,0,1,37
113308000,112308000,4e+06,1.0,1.31574,26.999,0.0,190,191,6,0,0,2,0,0,1,1,43
114000000,0,4e+06,1.0,0.0,14.758,0.0,0,0,0,0,0,0,0,0,0,1,37
114308000,113308000,4e+06,1.0,1.38048,26.9044,0.0,190,191,6,0,0,2,0,0,1,1,43
115000000,0,4e+06,1.0,0.0,14.4213,0.0,0,0,0,0,0,0,0,0,0,1,37
115308000,114308000,4e+06,1.0,1.31574,26.7719,0.0,190,191,6,0,0,2,0,0,1,1,43
116000000,0,4e+06,1.0,0.0,14.744,0.0,0,0,0,0,0,0,0,0,0,1,37
116308000,115308000,4e+06,1.0,1.31574,26.8785,0.0,190,191,6,0,0,2,0,0,1,1,43
117000000,0,4e+06,1.0,0.0,14.5259,0.0,0,0,0,0,0,0,0,0,0,1,37
117308000,116308000,4e+06,1.0,1.31574,26.7351,0.0,190,191,6,0,0,2,0,0,1,1,43
118000000,0,4e+06,1.0,0.0,14.7709,0.0,0,0,0,0,0,0,0,0,0,1,37
118308000,117308000,4e+06,1.0,1.31574,26.8426,0.0,190,191,6,0,0,2,0,0,1,1,43
119000000,0,4e+06,1.0,0.0,14.4801,0.0,0,0,0,0,0,0,0,0,0,1,37
119308000,118308000,4e+06,1.0,1.31574,26.8685,0.0,190,191,6,0,0,2,0,0,1,1,43
120000000,0,4e+06,1.0,0.0,14.6992,0.0,0,0,0,0,0,0,0,0,0,1,37
120308000,119308000,4e+06,1.0,1.31574,26.8785,0.0,190,191,6,0,0,2,0,0,1,1,43
121000000,0,4e+06,1.0,0.0,14.488,0.0,0,0,0,0,0,0,0,0,0,1,37
121308000,120308000,4e+06,1.0,1.31574,27.0528,0.0,190,191,6,0,0,2,0,0,1,1,43
122000000,0,4e+06,1.0,0.0,14.8038,0.0,0,0,0,0,0,0,0,0,0,1,37
122308000,121308000,4e+06,1.0,1.31574,26.8396,0.0,190,191,6,0,0,2,0,0,1,1,43
122316000,122312000,4e+06,1.0,1.31574,26.8396,0.0,190,191,6,0,0,2,0,0,1,1,43
123000000,0,4e+06,1.0,0.0,14.493,0.0,0,0,0,0,0,0,0,0,0,1,37
123316000,123312000,4e+06,1.0,1.31574,26.758,0.0,190,191,6,0,0,2,0,0,1,1,43
124000000,0,4e+06,1.0,0.0,14.758,0.0,0,0,0,0,0,0,0,0,0,1,37
124316000,124312000,4e+06,1.0,1.31574,26.9442,0.0,190,191,6,0,0,2,0,0,1,1,43
125000000,0,4e+06,1.0,0.0,14.4213,0.0,0,0,0,0,0,0,0,0,0,1,37
125316000,125312000,4e+06,1.0,1.31574,26.76,0.0,190,191,6,0,0,2,0,0,1,1,43
126000000,0,4e+06,1.0,0.0,14.744,0.0,0,0,0,0,0,0,0,0,0,1,37
126316000,126312000,4e+06,1.0,1.31574,26.9353,0.0,190,191,6,0,0,2,0,0,1,1,43
127000000,0,4e+06,1.0,0.0,14.5538,0.0,0,0,0,0,0,0,0,0,0,1,37
127316000,127312000,4e+06,1.0,1.31574,26.9402,0.0,190,191,6,0,0,2,0,0,1,1,43
128000000,0,4e+06,1.0,0.0,14.7709,0.0,0,0,0,0,0,0,0,0,0,1,37
128316000,128312000,4e+06,1.0,1.38048,27.0368,0.0,190,191,6,0,0,2,0,0,1,1,43
129000000,0,4e+06,1.0,0.0,14.4801,0.0,0,0,0,0,0,0,0,0,0,1,37
129316000,128312000,4e+06,1.0,1.31574,26.8486,0.0,190,191,6,0,0,2,0,0,1,1,43
129328000,129324000,4e+06,1.0,1.31574,26.8486,0.0,190,191,6,0,0,2,0,0,1,1,43
130000000,0,4e+06,1.0,0.0,14.6992,0.0,0,0,0,0,0,0,0,0,0,1,37
130328000,129324000,4e+06,1.0,1.31574,27.0508,0.0,190,191,6,0,0,2,0,0,1,1,43
130336000,130332000,4e+06,1.0,1.31574,27.0508,0.0,190,191,6,0,0,2,0,0,1,1,43
131000000,0,4e+06,1.0,0.0,14.488,0.0,0,0,0,0,0,0,0,0,0,1,37
131336000,131332000,4e+06,1.0,1.31574,26.8396,0.0,190,191,6,0,0,2,0,0,1,1,43
132000000,0,4e+06,1.0,0.0,14.8038,0.0,0,0,0,0,0,0,0,0,0,1,37
132336000,131332000,4e+06,1.0,1.31574,26.7958,0.0,190,191,6,0,0,2,0,0,1,1,43
132348000,132344000,4e+06,1.0,1.31574,26.7958,0.0,190,191,6,0,0,2,0,0,1,1,43
133000000,0,4e+06,1.0,0.0,14.493,0.0,0,0,0,0,0,0,0,0,0,1,37
133348000,133344000,4e+06,1.0,1.31574,26.7659,0.0,190,191,6,0,0,2,0,0,1,1,43
134000000,0,4e+06,1.0,0.0,14.758,0.0,0,0,0,0,0,0,0,0,0,1,37
134348000,134344000,4e+06,1.0,1.31574,26.9133,0.0,190,191,6,0,0,2,0,0,1,1,43
135000000,0,4e+06,1.0,0.0,14.4213,0.0,0,0,0,0,0,0,0,0,0,1,37
135348000,135344000,4e+06,1.0,1.31574,26.7281,0.0,190,191,6,0,0,2,0,0,1,1,43
136000000,0,4e+06,1.0,0.0,14.744,0.0,0,0,0,0,0,0,0,0,0,1,37
136348000,136344000,4e+06,1.0,1.31574,26.9721,0.0,190,191,6,0,0,2,0,0,1,1,43
137000000,0,4e+06,1.0,0.0,14.5259,0.0,0,0,0,0,0,0,0,0,0,1,37
137348000,137344000,4e+06,1.0,1.31574,26.7839,0.0,190,191,6,0,0,2,0,0,1,1,43
138000000,0,4e+06,1.0,0.0,14.7709,0.0,0,0,0,0,0,0,0,0,0,1,37
138348000,137344000,4e+06,1.0,1.31574,27.0857,0.0,190,191,6,0,0,2,0,0,1,1,43
139000000,0,4e+06,1.0,0.0,14.4801,0.0,0,0,0,0,0,0,0,0,0,1,37
139348000,138348000,4e+06,1.0,1.38048,26.8516,0.0,190,191,6,0,0,2,0,0,1,1,43
139356000,139352000,4e+06,1.0,1.38048,26.8516,0.0,190,191,6,0,0,2,0,0,1,1,43
140000000,0,4e+06,1.0,0.0,14.6992,0.0,0,0,0,0,0,0,0,0,0,1,37
140352000,140348000,4e+06,1.0,1.251,26.8187,0.0,190,191,6,0,0,2,0,0,1,1,43
141000000,0,4e+06,1.0,0.0,14.488,0.0,0,0,0,0,0,0,0,0,0,1,37
141352000,141348000,4e+06,1.0,1.38048,26.6215,0.0,190,191,6,0,0,2,0,0,1,1,43
142000000,0,4e+06,1.0,0.0,14.6863,0.0,0,0,0,0,0,0,0,0,0,1,37
142352000,142348000,4e+06,1.0,1.31574,26.2251,0.0,190,191,6,0,0,2,0,0,1,1,43
143000000,0,4e+06,1.0,0.0,14.4343,0.0,0,0,0,0,0,0,0,0,0,1,37
143348000,143344000,4e+06,1.0,1.31574,26.1803,0.0,190,191,6,0,0,2,0,0,1,1,43
144000000,0,4e+06,1.0,0.0,14.6404,0.0,0,0,0,0,0,0,0,0,0,1,37
144348000,144344000,4e+06,1.0,1.38048,26.2948,0.0,190,191,6,0,0,2,0,0,1,1,43
145000000,0,4e+06,1.0,0.0,14.3625,0.0,0,0,0,0,0,0,0,0,0,1,37
145348000,145344000,4e+06,1.0,1.31574,26.2131,0.0,190,191,6,0,0,2,0,0,1,1,43
146000000,0,4e+06,1.0,0.0,14.6265,0.0,0,0,0,0,0,0,0,0,0,1,37
146348000,146344000,4e+06,1.0,1.31574,26.498,0.0,190,191,6,0,0,2,0,0,1,1,43
147000000,0,4e+06,1.0,0.0,14.4671,0.0,0,0,0,0,0,0,0,0,0,1,37
147348000,147344000,4e+06,1.0,1.31574,26.1444,0.0,190,191,6,0,0,2,0,0,1,1,43
148000000,0,4e+06,1.0,0.0,14.6534,0.0,0,0,0,0,0,0,0,0,0,1,37
148348000,147344000,4e+06,1.0,1.31574,26.2181,0.0,190,191,6,0,0,2,0,0,1,1,43
149000000,0,4e+06,1.0,0.0,14.4213,0.0,0,0,0,0,0,0,0,0,0,1,37
149348000,148348000,4e+06,1.0,1.31574,26.2281,0.0,190,191,6,0,0,2,0,0,1,1,43
150000000,0,4e+06,1.0,0.0,14.5817,0.0,0,0,0,0,0,0,0,0,0,1,37
150348000,149348000,4e+06,1.0,1.31574,26.1783,0.0,190,191,6,0,0,2,0,0,1,1,43
151000000,0,4e+06,1.0,0.0,14.4293,0.0,0,0,0,0,0,0,0,0,0,1,37
151348000,150348000,4e+06,1.0,1.31574,26.252,0.0,190,191,6,0,0,2,0,0,1,1,43
152000000,0,4e+06,1.0,0.0,14.6863,0.0,0,0,0,0,0,0,0,0,0,1,37
152348000,151348000,4e+06,1.0,1.31574,26.3865,0.0,190,191,6,0,0,2,0,0,1,1,43
152364000,152360000,4e+06,1.0,1.31574,26.3865,0.0,190,191,6,0,0,2,0,0,1,1,43
153000000,0,4e+06,1.0,0.0,14.4343,0.0,0,0,0,0,0,0,0,0,0,1,37
153364000,153360000,4e+06,1.0,1.31574,26.242,0.0,190,191,6,0,0,2,0,0,1,1,43
154000000,0,4e+06,1.0,0.0,14.6404,0.0,0,0,0,0,0,0,0,0,0,1,37
154364000,154360000,4e+06,1.0,1.31574,26.2958,0.0,190,191,6,0,0,2,0,0,1,1,43
155000000,0,4e+06,1.0,0.0,14.3625,0.0,0,0,0,0,0,0,0,0,0,1,37
155360000,155356000,4e+06,1.0,1.38048,26.3516,0.0,190,191,6,0,0,2,0,0,1,1,43
156000000,0,4e+06,1.0,0.0,14.6265,0.0,0,0,0,0,0,0,0,0,0,1,37
156360000,155356000,4e+06,1.0,1.31574,26.2978,0.0,190,191,6,0,0,2,0,0,1,1,43
157000000,0,4e+06,1.0,0.0,14.5269,0.0,0,0,0,0,0,0,0,0,0,1,37
157360000,156360000,4e+06,1.0,1.31574,26.2341,0.0,190,191,6,0,0,2,0,0,1,1,43
158000000,0,4e+06,1.0,0.0,14.5936,0.0,0,0,0,0,0,0,0,0,0,1,37
158360000,157360000,4e+06,1.0,1.31574,26.1594,0.0,190,191,6,0,0,2,0,0,1,1,43
159000000,0,4e+06,1.0,0.0,14.4811,0.0,0,0,0,0,0,0,0,0,0,1,37
159360000,158360000,4e+06,1.0,1.31574,26.3367,0.0,190,191,6,0,0,2,0,0,1,1,43
160000000,0,4e+06,1.0,0.0,14.5219,0.0,0,0,0,0,0,0,0,0,0,1,37
160360000,159360000,4e+06,1.0,1.31574,26.1604,0.0,190,191,6,0,0,2,0,0,1,1,43
161000000,0,4e+06,1.0,0.0,14.489,0.0,0,0,0,0,0,0,0,0,0,1,37
161360000,160360000,4e+06,1.0,1.31574,26.3914,0.0,190,191,6,0,0,2,0,0,1,1,43
162000000,0,4e+06,1.0,0.0,14.6265,0.0,0,0,0,0,0,0,0,0,0,1,37
162360000,161360000,4e+06,1.0,1.31574,26.1942,0.0,190,191,6,0,0,2,0,0,1,1,43
163000000,0,4e+06,1.0,0.0,14.494,0.0,0,0,0,0,0,0,0,0,0,1,37
163360000,162360000,4e+06,1.0,1.31574,26.509,0.0,190,191,6,0,0,2,0,0,1,1,43
163368000,163364000,4e+06,1.0,1.31574,26.509,0.0,190,191,6,0,0,2,0,0,1,1,43
164000000,0,4e+06,1.0,0.0,14.5807,0.0,0,0,0,0,0,0,0,0,0,1,37
164368000,164364000,4e+06,1.0,1.31574,26.2779,0.0,190,191,6,0,0,2,0,0,1,1,43
165000000,0,4e+06,1.0,0.0,14.4223,0.0,0,0,0,0,0,0,0,0,0,1,37
165368000,165364000,4e+06,1.0,1.31574,26.2281,0.0,190,191,6,0,0,2,0,0,1,1,43
166000000,0,4e+06,1.0,0.0,14.5667,0.0,0,0,0,0,0,0,0,0,0,1,37
166368000,166364000,4e+06,1.0,1.38048,26.24,0.0,190,191,6,0,0,2,0,0,1,1,43
167000000,0,4e+06,1.0,0.0,14.5269,0.0,0,0,0,0,0,0,0,0,0,1,37
167368000,166364000,4e+06,1.0,1.31574,26.2619,0.0,190,191,6,0,0,2,0,0,1,1,43
168000000,0,4e+06,1.0,0.0,14.5936,0.0,0,0,0,0,0,0,0,0,0,1,37
168368000,168364000,4e+06,1.0,1.31574,26.2002,0.0,190,191,6,0,0,2,0,0,1,1,43
169000000,0,4e+06,1.0,0.0,14.4811,0.0,0,0,0,0,0,0,0,0,0,1,37
169368000,169364000,4e+06,1.0,1.31574,26.3456,0.0,190,191,6,0,0,2,0,0,1,1,43
170000000,0,4e+06,1.0,0.0,14.5219,0.0,0,0,0,0,0,0,0,0,0,1,37
170368000,169364000,4e+06,1.0,1.31574,26.244,0.0,190,191,6,0,0,2,0,0,1,1,43
171000000,0,4e+06,1.0,0.0,14.5588,0.0,0,0,0,0,0,0,0,0,0,1,37
171368000,170368000,4e+06,1.0,1.31574,26.4751,0.0,190,191,6,0,0,2,0,0,1,1,43
171376000,171372000,4e+06,1.0,1.31574,26.4751,0.0,190,191,6,0,0,2,0,0,1,1,43
172000000,0,4e+06,1.0,0.0,14.5568,0.0,0,0,0,0,0,0,0,0,0,1,37
172376000,171372000,4e+06,1.0,6127.37,26.0209,0.0,190,191,6,0,0,2,0,0,1,1,43
172384000,172380000,4e+06,1.0,6127.37,26.0209,0.0,190,191,6,0,0,2,0,0,1,1,43
173000000,0,4e+06,1.0,0.0,14.5637,0.0,0,0,0,0,0,0,0,0,0,1,37
173384000,172380000,4e+06,1.0,13349.3,26.2679,0.0,190,191,6,0,0,2,0,0,1,1,43
173392000,173388000,4e+06,1.0,13349.3,26.2679,0.0,190,191,6,0,0,2,0,0,1,1,43
174000000,0,4e+06,1.0,0.0,14.511,0.0,0,0,0,0,0,0,0,0,0,1,37
174392000,173388000,4e+06,1.0,13762.8,26.2779,0.0,190,191,6,0,0,2,0,0,1,1,43
174404000,174400000,4e+06,1.0,13762.8,26.2779,0.0,190,191,6,0,0,2,0,0,1,1,43
175000000,0,4e+06,1.0,0.0,14.492,0.0,0,0,0,0,0,0,0,0,0,1,37
175404000,175400000,4e+06,1.0,12292.7,26.2281,0.0,190,191,6,0,0,2,0,0,1,1,43
176000000,0,4e+06,1.0,0.0,14.497,0.0,0,0,0,0,0,0,0,0,0,1,37
176404000,175400000,4e+06,1.0,11919.3,26.3028,0.0,190,191,6,0,0,2,0,0,1,1,43
176412000,176408000,4e+06,1.0,11919.3,26.3028,0.0,190,191,6,0,0,2,0,0,1,1,43
177000000,0,4e+06,1.0,0.0,14.5966,0.0,0,0,0,0,0,0,0,0,0,1,37
177412000,176408000,4e+06,1.0,12020.2,26.3456,0.0,190,191,6,0,0,2,0,0,1,1,43
177424000,177420000,4e+06,1.0,12020.2,26.3456,0.0,190,191,6,0,0,2,0,0,1,1,43
178000000,0,4e+06,1.0,0.0,14.5239,0.0,0,0,0,0,0,0,0,0,0,1,37
178424000,177420000,4e+06,1.0,11719.9,26.2918,0.0,190,191,6,0,0,2,0,0,1,1,43
178432000,178428000,4e+06,1.0,11719.9,26.2918,0.0,190,191,6,0,0,2,0,0,1,1,43
179000000,0,4e+06,1.0,0.0,14.5508,0.0,0,0,0,0,0,0,0,0,0,1,37
179432000,178428000,4e+06,1.0,11599.3,26.2948,0.0,190,191,6,0,0,2,0,0,1,1,43
179440000,179436000,4e+06,1.0,11599.3,26.2948,0.0,190,191,6,0,0,2,0,0,1,1,43
180000000,0,4e+06,1.0,0.0,14.4522,0.0,0,0,0,0,0,0,0,0,0,1,37
180440000,179436000,4e+06,1.0,12473.4,26.3795,0.0,190,191,6,0,0,2,0,0,1,1,43
181000000,0,4e+06,1.0,0.0,14.5588,0.0,0,0,0,0,0,0,0,0,0,1,37
181440000,180440000,4e+06,1.0,24030.9,26.3566,0.0,190,191,6,0,0,2,0,0,1,1,43
181456000,181452000,4e+06,1.0,24030.9,26.3566,0.0,190,191,6,0,0,2,0,0,1,1,43
182000000,0,4e+06,1.0,0.0,14.5568,0.0,0,0,0,0,0,0,0,0,0,1,37
182456000,181452000,4e+06,1.0,11966.3,26.1584,0.0,190,191,6,0,0,2,0,0,1,1,43
182464000,182460000,4e+06,1.0,11966.3,26.1584,0.0,190,191,6,0,0,2,0,0,1,1,43
183000000,0,4e+06,1.0,0.0,14.5637,0.0,0,0,0,0,0,0,0,0,0,1,37
183464000,182460000,4e+06,1.0,11671.7,26.2679,0.0,190,191,6,0,0,2,0,0,1,1,43
183472000,183468000,4e+06,1.0,11671.7,26.2679,0.0,190,191,6,0,0,2,0,0,1,1,43
184000000,0,4e+06,1.0,0.0,14.511,0.0,0,0,0,0,0,0,0,0,0,1,37
184472000,183468000,4e+06,1.0,11752.2,26.2779,0.0,190,191,6,0,0,2,0,0,1,1,43
185000000,0,4e+06,1.0,0.0,14.492,0.0,0,0,0,0,0,0,0,0,0,1,37
185472000,184472000,4e+06,1.0,1161.93,26.2241,0.0,190,191,6,0,0,2,0,0,1,1,43
185480000,185476000,4e+06,1.0,1161.93,26.2241,0.0,190,191,6,0,0,2,0,0,1,1,43
186000000,0,4e+06,1.0,0.0,14.497,0.0,0,0,0,0,0,0,0,0,0,1,37
186480000,186476000,4e+06,1.0,1.31574,26.1803,0.0,190,191,6,0,0,2,0,0,1,1,43
187000000,0,4e+06,1.0,0.0,14.5966,0.0,0,0,0,0,0,0,0,0,0,1,37
187480000,186476000,4e+06,1.0,11762.8,26.2619,0.0,190,191,6,0,0,2,0,0,1,1,43
187492000,187488000,4e+06,1.0,11762.8,26.2619,0.0,190,191,6,0,0,2,0,0,1,1,43
188000000,0,4e+06,1.0,0.0,14.5239,0.0,0,0,0,0,0,0,0,0,0,1,37
188492000,187488000,4e+06,1.0,13543.3,26.4412,0.0,190,191,6,0,0,2,0,0,1,1,43
188500000,188496000,4e+06,1.0,13543.3,26.4412,0.0,190,191,6,0,0,2,0,0,1,1,43
189000000,0,4e+06,1.0,0.0,14.5508,0.0,0,0,0,0,0,0,0,0,0,1,37
189500000,188496000,4e+06,1.0,12313.0,26.3456,0.0,190,191,6,0,0,2,0,0,1,1,43
189508000,189504000,4e+06,1.0,12313.0,26.3456,0.0,190,191,6,0,0,2,0,0,1,1,43
190000000,0,4e+06,1.0,0.0,14.4801,0.0,0,0,0,0,0,0,0,0,0,1,37
190508000,189504000,4e+06,1.0,11323.7,26.1604,0.0,190,191,6,0,0,2,0,0,1,1,43
190516000,190512000,4e+06,1.0,11323.7,26.1604,0.0,190,191,6,0,0,2,0,0,1,1,43
191000000,0,4e+06,1.0,0.0,14.5588,0.0,0,0,0,0,0,0,0,0,0,1,37
191516000,190512000,4e+06,1.0,12426.3,26.3078,0.0,190,191,6,0,0,2,0,0,1,1,43
191528000,191524000,4e+06,1.0,12426.3,26.3078,0.0,190,191,6,0,0,2,0,0,1,1,43
192000000,0,4e+06,1.0,0.0,14.5568,0.0,0,0,0,0,0,0,0,0,0,1,37
192528000,191524000,4e+06,1.0,12033.5,26.1942,0.0,190,191,6,0,0,2,0,0,1,1,43
192536000,192532000,4e+06,1.0,12033.5,26.1942,0.0,190,191,6,0,0,2,0,0,1,1,43
193000000,0,4e+06,1.0,0.0,14.5637,0.0,0,0,0,0,0,0,0,0,0,1,37
193536000,192532000,4e+06,1.0,11449.0,26.2679,0.0,190,191,6,0,0,2,0,0,1,1,43
194000000,0,4e+06,1.0,0.0,14.511,0.0,0,0,0,0,0,0,0,0,0,1,37
194536000,193536000,4e+06,1.0,11948.9,26.2779,0.0,190,191,6,0,0,2,0,0,1,1,43
194552000,194548000,4e+06,1.0,11948.9,26.2779,0.0,190,191,6,0,0,2,0,0,1,1,43
195000000,0,4e+06,1.0,0.0,14.492,0.0,0,0,0,0,0,0,0,0,0,1,37
195552000,194548000,4e+06,1.0,11750.5,26.3118,0.0,190,191,6,0,0,2,0,0,1,1,43
195560000,195556000,4e+06,1.0,11750.5,26.3118,0.0,190,191,6,0,0,2,0,0,1,1,43
196000000,0,4e+06,1.0,0.0,14.497,0.0,0,0,0,0,0,0,0,0,0,1,37
196560000,195556000,4e+06,1.0,12045.9,26.4811,0.0,190,191,6,0,0,2,0,0,1,1,43
196568000,196564000,4e+06,1.0,12045.9,26.4811,0.0,190,191,6,0,0,2,0,0,1,1,43
197000000,0,4e+06,1.0,0.0,14.5966,0.0,0,0,0,0,0,0,0,0,0,1,37
197568000,196564000,4e+06,1.0,11794.7,26.2619,0.0,190,191,6,0,0,2,0,0,1,1,43
197580000,197576000,4e+06,1.0,11794.7,26.2619,0.0,190,191,6,0,0,2,0,0,1,1,43
198000000,0,4e+06,1.0,0.0,14.5239,0.0,0,0,0,0,0,0,0,0,0,1,37
198580000,197576000,4e+06,1.0,11703.5,26.2002,0.0,190,191,6,0,0,2,0,0,1,1,43
198588000,198584000,4e+06,1.0,11703.5,26.2002,0.0,190,191,6,0,0,2,0,0,1,1,43
199000000,0,4e+06,1.0,0.0,14.5508,0.0,0,0,0,0,0,0,0,0,0,1,37
199588000,198584000,4e+06,1.0,11900.7,26.3456,0.0,190,191,6,0,0,2,0,0,1,1,43
199596000,199592000,4e+06,1.0,11900.7,26.3456,0.0,190,191,6,0,0,2,0,0,1,1,43
200000000,0,4e+06,1.0,0.0,14.4522,0.0,0,0,0,0,0,0,0,0,0,1,37
200596000,199592000,4e+06,1.0,11597.8,26.1604,0.0,190,191,6,0,0,2,0,0,1,1,43
200604000,200600000,4e+06,1.0,11597.8,26.1604,0.0,190,191,6,0,0,2,0,0,1,1,43
201000000,0,4e+06,1.0,0.0,14.5588,0.0,0,0,0,0,0,0,0,0,0,1,37
201604000,200600000,4e+06,1.0,11489.1,26.3705,0.0,190,191,6,0,0,2,0,0,1,1,43
201616000,201612000,4e+06,1.0,11489.1,26.3705,0.0,190,191,6,0,0,2,0,0,1,1,43
202000000,0,4e+06,1.0,0.0,14.5568,0.0,0,0,0,0,0,0,0,0,0,1,37
202616000,201612000,4e+06,1.0,11412.2,26.3685,0.0,190,191,6,0,0,2,0,0,1,1,43
202624000,202620000,4e+06,1.0,11412.2,26.3685,0.0,190,191,6,0,0,2,0,0,1,1,43
203000000,0,4e+06,1.0,0.0,14.6534,0.0,0,0,0,0,0,0,0,0,0,1,37
203624000,202620000,4e+06,1.0,11888.5,26.4452,0.0,190,191,6,0,0,2,0,0,1,1,43
203636000,203632000,4e+06,1.0,11888.5,26.4452,0.0,190,191,6,0,0,2,0,0,1,1,43
204000000,0,4e+06,1.0,0.0,14.4213,0.0,0,0,0,0,0,0,0,0,0,1,37
204636000,203632000,4e+06,1.0,11509.9,26.2779,0.0,190,191,6,0,0,2,0,0,1,1,43
204644000,204640000,4e+06,1.0,11509.9,26.2779,0.0,190,191,6,0,0,2,0,0,1,1,43
205000000,0,4e+06,1.0,0.0,14.5817,0.0,0,0,0,0,0,0,0,0,0,1,37
205644000,204640000,4e+06,1.0,12087.0,26.4691,0.0,190,191,6,0,0,2,0,0,1,1,43
205652000,205648000,4e+06,1.0,12087.0,26.4691,0.0,190,191,6,0,0,2,0,0,1,1,43
206000000,0,4e+06,1.0,0.0,14.4074,0.0,0,0,0,0,0,0,0,0,0,1,37
206652000,205648000,4e+06,1.0,11741.9,26.2948,0.0,190,191,6,0,0,2,0,0,1,1,43
206664000,206660000,4e+06,1.0,11741.9,26.2948,0.0,190,191,6,0,0,2,0,0,1,1,43
207000000,0,4e+06,1.0,0.0,14.6863,0.0,0,0,0,0,0,0,0,0,0,1,37
207664000,206660000,4e+06,1.0,11448.8,26.2619,0.0,190,191,6,0,0,2,0,0,1,1,43
207672000,207668000,4e+06,1.0,11448.8,26.2619,0.0,190,191,6,0,0,2,0,0,1,1,43
208000000,0,4e+06,1.0,0.0,14.4343,0.0,0,0,0,0,0,0,0,0,0,1,37
208672000,207668000,4e+06,1.0,12124.7,26.2002,0.0,190,191,6,0,0,2,0,0,1,1,43
208680000,208676000,4e+06,1.0,12124.7,26.2002,0.0,190,191,6,0,0,2,0,0,1,1,43
209000000,0,4e+06,1.0,0.0,14.6404,0.0,0,0,0,0,0,0,0,0,0,1,37
209680000,208676000,4e+06,1.0,11606.9,26.3456,0.0,190,191,6,0,0,2,0,0,1,1,43
209688000,209684000,4e+06,1.0,11606.9,26.3456,0.0,190,191,6,0,0,2,0,0,1,1,43
210000000,0,4e+06,1.0,0.0,14.3625,0.0,0,0,0,0,0,0,0,0,0,1,37
210688000,209684000,4e+06,1.0,11469.4,26.1604,0.0,190,191,6,0,0,2,0,0,1,1,43
210700000,210696000,4e+06,1.0,11469.4,26.1604,0.0,190,191,6,0,0,2,0,0,1,1,43
211000000,0,4e+06,1.0,0.0,14.6484,0.0,0,0,0,0,0,0,0,0,0,1,37
211700000,210696000,4e+06,1.0,11944.2,26.3914,0.0,190,191,6,0,0,2,0,0,1,1,43
212000000,0,4e+06,1.0,0.0,14.4671,0.0,0,0,0,0,0,0,0,0,0,1,37
212700000,211700000,4e+06,1.0,11527.4,26.1942,0.0,190,191,6,0,0,2,0,0,1,1,43
212716000,212712000,4e+06,1.0,11527.4,26.1942,0.0,190,191,6,0,0,2,0,0,1,1,43
213000000,0,4e+06,1.0,0.0,14.6534,0.0,0,0,0,0,0,0,0,0,0,1,37
213716000,212712000,4e+06,1.0,11809.0,26.509,0.0,190,191,6,0,0,2,0,0,1,1,43
213724000,213720000,4e+06,1.0,11809.0,26.509,0.0,190,191,6,0,0,2,0,0,1,1,43
214000000,0,4e+06,1.0,0.0,14.4213,0.0,0,0,0,0,0,0,0,0,0,1,37
214724000,213720000,4e+06,1.0,11108.5,26.2779,0.0,190,191,6,0,0,2,0,0,1,1,43
214732000,214728000,4e+06,1.0,11108.5,26.2779,0.0,190,191,6,0,0,2,0,0,1,1,43
215000000,0,4e+06,1.0,0.0,14.5817,0.0,0,0,0,0,0,0,0,0,0,1,37
215732000,214728000,4e+06,1.0,11545.5,26.2281,0.0,190,191,6,0,0,2,0,0,1,1,43
215740000,215736000,4e+06,1.0,11545.5,26.2281,0.0,190,191,6,0,0,2,0,0,1,1,43
216000000,0,4e+06,1.0,0.0,14.4074,0.0,0,0,0,0,0,0,0,0,0,1,37
216740000,215736000,4e+06,1.0,11602.6,26.24,0.0,190,191,6,0,0,2,0,0,1,1,43
216752000,216748000,4e+06,1.0,11602.6,26.24,0.0,190,191,6,0,0,2,0,0,1,1,43
217000000,0,4e+06,1.0,0.0,14.6863,0.0,0,0,0,0,0,0,0,0,0,1,37
217752000,216748000,4e+06,1.0,10914.5,26.2619,0.0,190,191,6,0,0,2,0,0,1,1,43
217760000,217756000,4e+06,1.0,10914.5,26.2619,0.0,190,191,6,0,0,2,0,0,1,1,43
218000000,0,4e+06,1.0,0.0,14.4343,0.0,0,0,0,0,0,0,0,0,0,1,37
218760000,217756000,4e+06,1.0,11080.3,26.2002,0.0,190,191,6,0,0,2,0,0,1,1,43
218768000,218764000,4e+06,1.0,11080.3,26.2002,0.0,190,191,6,0,0,2,0,0,1,1,43
219000000,0,4e+06,1.0,0.0,14.6404,0.0,0,0,0,0,0,0,0,0,0,1,37
219768000,218764000,4e+06,1.0,11093.2,26.3456,0.0,190,191,6,0,0,2,0,0,1,1,43
219780000,219776000,4e+06,1.0,11093.2,26.3456,0.0,190,191,6,0,0,2,0,0,1,1,43
220000000,0,4e+06,1.0,0.0,14.3625,0.0,0,0,0,0,0,0,0,0,0,1,37
220780000,219776000,4e+06,1.0,11831.9,26.244,0.0,190,191,6,0,0,2,0,0,1,1,43
220788000,220784000,4e+06,1.0,11831.9,26.244,0.0,190,191,6,0,0,2,0,0,1,1,43
221000000,0,4e+06,1.0,0.0,14.6484,0.0,0,0,0,0,0,0,0,0,0,1,37
221788000,220784000,4e+06,1.0,10804.5,26.5488,0.0,190,191,6,0,0,2,0,0,1,1,43
222000000,0,4e+06,1.0,0.0,14.4671,0.0,0,0,0,0,0,0,0,0,0,1,37
222788000,221788000,4e+06,1.0,1.31574,26.1404,0.0,190,191,6,0,0,2,0,0,1,1,43
222796000,222792000,4e+06,1.0,1.31574,26.1404,0.0,190,191,6,0,0,2,0,0,1,1,43
223000000,0,4e+06,1.0,0.0,14.7122,0.0,0,0,0,0,0,0,0,0,0,1,37
223796000,223792000,4e+06,1.0,1.38048,26.2112,0.0,190,191,6,0,0,2,0,0,1,1,43
224000000,0,4e+06,1.0,0.0,14.4801,0.0,0,0,0,0,0,0,0,0,0,1,37
224796000,224792000,4e+06,1.0,1.31574,26.8775,0.0,190,191,6,0,0,2,0,0,1,1,43
225000000,0,4e+06,1.0,0.0,14.6992,0.0,0,0,0,0,0,0,0,0,0,1,37
225796000,225792000,4e+06,1.0,1.31574,26.8167,0.0,190,191,6,0,0,2,0,0,1,1,43
226000000,0,4e+06,1.0,0.0,14.4213,0.0,0,0,0,0,0,0,0,0,0,1,37
226796000,226796000,4e+06,1.0,1.31574,26.9143,0.0,190,191,6,0,0,2,0,0,1,1,43
227000000,0,4e+06,1.0,0.0,14.8486,0.0,0,0,0,0,0,0,0,0,0,1,37
227796000,226796000,4e+06,1.0,1.31574,26.9293,0.0,190,191,6,0,0,2,0,0,1,1,43
228000000,0,4e+06,1.0,0.0,14.493,0.0,0,0,0,0,0,0,0,0,0,1,37
228796000,227796000,4e+06,1.0,1.31574,26.9034,0.0,190,191,6,0,0,2,0,0,1,1,43
229000000,0,4e+06,1.0,0.0,14.758,0.0,0,0,0,0,0,0,0,0,0,1,37
229796000,228796000,4e+06,1.0,1.31574,27.1554,0.0,190,191,6,0,0,2,0,0,1,1,43
230000000,0,4e+06,1.0,0.0,14.4213,0.0,0,0,0,0,0,0,0,0,0,1,37
230796000,229796000,4e+06,1.0,1.31574,26.7819,0.0,190,191,6,0,0,2,0,0,1,1,43
231000000,0,4e+06,1.0,0.0,14.7659,0.0,0,0,0,0,0,0,0,0,0,1,37
231796000,230796000,4e+06,1.0,1.31574,26.9791,0.0,190,191,6,0,0,2,0,0,1,1,43
231800000,231800000,4e+06,1.0,1.31574,26.9791,0.0,190,191,6,0,0,2,0,0,1,1,43
232000000,0,4e+06,1.0,0.0,14.5259,0.0,0,0,0,0,0,0,0,0,0,1,37
232800000,231800000,4e+06,1.0,1.31574,26.8008,0.0,190,191,6,0,0,2,0,0,1,1,43
233000000,0,4e+06,1.0,0.0,14.7709,0.0,0,0,0,0,0,0,0,0,0,1,37
233800000,232800000,4e+06,1.0,1.31574,26.8526,0.0,190,191,6,0,0,2,0,0,1,1,43
234000000,0,4e+06,1.0,0.0,14.4801,0.0,0,0,0,0,0,0,0,0,0,1,37
234800000,233800000,4e+06,1.0,1.31574,26.8715,0.0,190,191,6,0,0,2,0,0,1,1,43
234808000,234804000,4e+06,1.0,1.31574,26.8715,0.0,190,191,6,0,0,2,0,0,1,1,43
235000000,0,4e+06,1.0,0.0,14.6992,0.0,0,0,0,0,0,0,0,0,0,1,37
235808000,234804000,4e+06,1.0,1.31574,26.8137,0.0,190,191,6,0,0,2,0,0,1,1,43
236000000,0,4e+06,1.0,0.0,14.4074,0.0,0,0,0,0,0,0,0,0,0,1,37
236808000,235808000,4e+06,1.0,6552.46,26.6036,0.0,190,191,6,0,0,2,0,0,1,1,43
236820000,236816000,4e+06,1.0,6552.46,26.6036,0.0,190,191,6,0,0,2,0,0,1,1,43
237000000,0,4e+06,1.0,0.0,14.6863,0.0,0,0,0,0,0,0,0,0,0,1,37
237820000,236816000,4e+06,1.0,12249.9,26.2619,0.0,190,191,6,0,0,2,0,0,1,1,43
237828000,237824000,4e+06,1.0,12249.9,26.2619,0.0,190,191,6,0,0,2,0,0,1,1,43
238000000,0,4e+06,1.0,0.0,14.4343,0.0,0,0,0,0,0,0,0,0,0,1,37
238828000,237824000,4e+06,1.0,12440.9,26.4412,0.0,190,191,6,0,0,2,0,0,1,1,43
238840000,238836000,4e+06,1.0,12440.9,26.4412,0.0,190,191,6,0,0,2,0,0,1,1,43
239000000,0,4e+06,1.0,0.0,14.6404,0.0,0,0,0,0,0,0,0,0,0,1,37
239840000,238836000,4e+06,1.0,11381.9,26.3456,0.0,190,191,6,0,0,2,0,0,1,1,43
239848000,239844000,4e+06,1.0,11381.9,26.3456,0.0,190,191,6,0,0,2,0,0,1,1,43
240000000,0,4e+06,1.0,0.0,14.3625,0.0,0,0,0,0,0,0,0,0,0,1,37
240848000,239844000,4e+06,1.0,11766.7,26.1604,0.0,190,191,6,0,0,2,0,0,1,1,43
240856000,240852000,4e+06,1.0,11766.7,26.1604,0.0,190,191,6,0,0,2,0,0,1,1,43
241000000,0,4e+06,1.0,0.0,14.6484,0.0,0,0,0,0,0,0,0,0,0,1,37
241856000,240852000,4e+06,1.0,11443.7,26.3078,0.0,190,191,6,0,0,2,0,0,1,1,43
242000000,0,4e+06,1.0,0.0,14.4671,0.0,0,0,0,0,0,0,0,0,0,1,37
242856000,241856000,4e+06,1.0,11937.1,26.1942,0.0,190,191,6,0,0,2,0,0,1,1,43
242872000,242868000,4e+06,1.0,11937.1,26.1942,0.0,190,191,6,0,0,2,0,0,1,1,43
243000000,0,4e+06,1.0,0.0,14.6534,0.0,0,0,0,0,0,0,0,0,0,1,37
243872000,242868000,4e+06,1.0,11758.7,26.2679,0.0,190,191,6,0,0,2,0,0,1,1,43
243880000,243876000,4e+06,1.0,11758.7,26.2679,0.0,190,191,6,0,0,2,0,0,1,1,43
244000000,0,4e+06,1.0,0.0,14.4213,0.0,0,0,0,0,0,0,0,0,0,1,37
244880000,243876000,4e+06,1.0,11754.6,26.3177,0.0,190,191,6,0,0,2,0,0,1,1,43
244888000,244884000,4e+06,1.0,11754.6,26.3177,0.0,190,191,6,0,0,2,0,0,1,1,43
245000000,0,4e+06,1.0,0.0,14.5817,0.0,0,0,0,0,0,0,0,0,0,1,37
245888000,244884000,4e+06,1.0,11890.0,26.2719,0.0,190,191,6,0,0,2,0,0,1,1,43
245896000,245892000,4e+06,1.0,11890.0,26.2719,0.0,190,191,6,0,0,2,0,0,1,1,43
246000000,0,4e+06,1.0,0.0,14.4074,0.0,0,0,0,0,0,0,0,0,0,1,37
246896000,245892000,4e+06,1.0,11901.8,26.4811,0.0,190,191,6,0,0,2,0,0,1,1,43
246908000,246904000,4e+06,1.0,11901.8,26.4811,0.0,190,191,6,0,0,2,0,0,1,1,43
247000000,0,4e+06,1.0,0.0,14.6863,0.0,0,0,0,0,0,0,0,0,0,1,37
247908000,246904000,4e+06,1.0,11177.2,26.2619,0.0,190,191,6,0,0,2,0,0,1,1,43
247916000,247912000,4e+06,1.0,11177.2,26.2619,0.0,190,191,6,0,0,2,0,0,1,1,43
248000000,0,4e+06,1.0,0.0,14.4343,0.0,0,0,0,0,0,0,0,0,0,1,37
248916000,247912000,4e+06,1.0,11957.9,26.2002,0.0,190,191,6,0,0,2,0,0,1,1,43
248924000,248920000,4e+06,1.0,11957.9,26.2002,0.0,190,191,6,0,0,2,0,0,1,1,43
249000000,0,4e+06,1.0,0.0,14.6404,0.0,0,0,0,0,0,0,0,0,0,1,37
249924000,248920000,4e+06,1.0,12056.2,26.3456,0.0,190,191,6,0,0,2,0,0,1,1,43
249936000,249932000,4e+06,1.0,12056.2,26.3456,0.0,190,191,6,0,0,2,0,0,1,1,43
250000000,0,4e+06,1.0,0.0,14.3625,0.0,0,0,0,0,0,0,0,0,0,1,37
250936000,249932000,4e+06,1.0,11421.2,26.1604,0.0,190,191,6,0,0,2,0,0,1,1,43
250944000,250940000,4e+06,1.0,11421.2,26.1604,0.0,190,191,6,0,0,2,0,0,1,1,43
251000000,0,4e+06,1.0,0.0,14.6484,0.0,0,0,0,0,0,0,0,0,0,1,37
251944000,250940000,4e+06,1.0,12177.8,26.3705,0.0,190,191,6,0,0,2,0,0,1,1,43
251952000,251948000,4e+06,1.0,12177.8,26.3705,0.0,190,191,6,0,0,2,0,0,1,1,43
252000000,0,4e+06,1.0,0.0,14.6484,0.0,0,0,0,0,0,0,0,0,0,1,37
252952000,251948000,4e+06,1.0,11313.5,26.5568,0.0,190,191,6,0,0,2,0,0,1,1,43
252964000,252960000,4e+06,1.0,11313.5,26.5568,0.0,190,191,6,0,0,2,0,0,1,1,43
253000000,0,4e+06,1.0,0.0,14.6424,0.0,0,0,0,0,0,0,0,0,0,1,37
253964000,252960000,4e+06,1.0,11994.1,26.3596,0.0,190,191,6,0,0,2,0,0,1,1,43
253972000,253968000,4e+06,1.0,11994.1,26.3596,0.0,190,191,6,0,0,2,0,0,1,1,43
254000000,0,4e+06,1.0,0.0,14.6534,0.0,0,0,0,0,0,0,0,0,0,1,37
254972000,253968000,4e+06,1.0,12182.7,26.5189,0.0,190,191,6,0,0,2,0,0,1,1,43
255000000,0,4e+06,1.0,0.0,14.491,0.0,0,0,0,0,0,0,0,0,0,1,37
255972000,254972000,4e+06,1.0,11696.0,26.2281,0.0,190,191,6,0,0,2,0,0,1,1,43
255984000,255980000,4e+06,1.0,11696.0,26.2281,0.0,190,191,6,0,0,2,0,0,1,1,43
256000000,0,4e+06,1.0,0.0,14.512,0.0,0,0,0,0,0,0,0,0,0,1,37
256984000,255980000,4e+06,1.0,11927.6,26.2948,0.0,190,191,6,0,0,2,0,0,1,1,43
256996000,256992000,4e+06,1.0,11927.6,26.2948,0.0,190,191,6,0,0,2,0,0,1,1,43
257000000,0,4e+06,1.0,0.0,14.4771,0.0,0,0,0,0,0,0,0,0,0,1,37
257996000,256992000,4e+06,1.0,11407.2,26.2619,0.0,190,191,6,0,0,2,0,0,1,1,43
258000000,0,4e+06,1.0,0.0,14.6165,0.0,0,0,0,0,0,0,0,0,0,1,37
258004000,258000000,4e+06,1.0,11407.2,26.2619,0.0,190,191,6,0,0,2,0,0,1,1,43
259000000,0,4e+06,1.0,0.0,14.504,0.0,0,0,0,0,0,0,0,0,0,1,37
259004000,258000000,4e+06,1.0,12148.0,26.2002,0.0,190,191,6,0,0,2,0,0,1,1,43
259012000,259008000,4e+06,1.0,12148.0,26.2002,0.0,190,191,6,0,0,2,0,0,1,1,43
260000000,0,4e+06,1.0,0.0,14.5707,0.0,0,0,0,0,0,0,0,0,0,1,37
260012000,259008000,4e+06,1.0,11501.8,26.3456,0.0,190,191,6,0,0,2,0,0,1,1,43
260024000,260020000,4e+06,1.0,11501.8,26.3456,0.0,190,191,6,0,0,2,0,0,1,1,43
261000000,0,4e+06,1.0,0.0,14.4542,0.0,0,0,0,0,0,0,0,0,0,1,37
261024000,260020000,4e+06,1.0,11713.2,26.1604,0.0,190,191,6,0,0,2,0,0,1,1,43
261032000,261028000,4e+06,1.0,11713.2,26.1604,0.0,190,191,6,0,0,2,0,0,1,1,43
262000000,0,4e+06,1.0,0.0,14.5568,0.0,0,0,0,0,0,0,0,0,0,1,37
262032000,261028000,4e+06,1.0,11298.3,26.3914,0.0,190,191,6,0,0,2,0,0,1,1,43
263000000,0,4e+06,1.0,0.0,14.5369,0.0,0,0,0,0,0,0,0,0,0,1,37
263032000,262032000,4e+06,1.0,11715.2,26.1942,0.0,190,191,6,0,0,2,0,0,1,1,43
263048000,263044000,4e+06,1.0,11881.8,26.509,0.0,190,191,6,0,0,2,0,0,1,1,43
264000000,0,4e+06,1.0,0.0,14.5837,0.0,0,0,0,0,0,0,0,0,0,1,37
264048000,263044000,4e+06,1.0,11881.8,26.509,0.0,190,191,6,0,0,2,0,0,1,1,43
264056000,264052000,4e+06,1.0,12122.6,26.2779,0.0,190,191,6,0,0,2,0,0,1,1,43
265000000,0,4e+06,1.0,0.0,14.491,0.0,0,0,0,0,0,0,0,0,0,1,37
265056000,264052000,4e+06,1.0,11060.8,26.2281,0.0,190,191,6,0,0,2,0,0,1,1,43
265068000,265064000,4e+06,1.0,11060.8,26.2281,0.0,190,191,6,0,0,2,0,0,1,1,43
266000000,0,4e+06,1.0,0.0,14.512,0.0,0,0,0,0,0,0,0,0,0,1,37
266068000,265064000,4e+06,1.0,11636.0,26.24,0.0,190,191,6,0,0,2,0,0,1,1,43
266076000,266072000,4e+06,1.0,11636.0,26.24,0.0,190,191,6,0,0,2,0,0,1,1,43
267000000,0,4e+06,1.0,0.0,14.4771,0.0,0,0,0,0,0,0,0,0,0,1,37
267076000,266072000,4e+06,1.0,11657.4,26.2619,0.0,190,191,6,0,0,2,0,0,1,1,43
267084000,267080000,4e+06,1.0,11657.4,26.2619,0.0,190,191,6,0,0,2,0,0,1,1,43
268000000,0,4e+06,1.0,0.0,14.6165,0.0,0,0,0,0,0,0,0,0,0,1,37
268084000,268080000,4e+06,1.0,12218.3,26.2002,0.0,190,191,6,0,0,2,0,0,1,1,43
269000000,0,4e+06,1.0,0.0,14.504,0.0,0,0,0,0,0,0,0,0,0,1,37
269084000,268080000,4e+06,1.0,11903.8,26.3855,0.0,190,191,6,0,0,2,0,0,1,1,43
269096000,269092000,4e+06,1.0,11903.8,26.3855,0.0,190,191,6,0,0,2,0,0,1,1,43
270000000,0,4e+06,1.0,0.0,14.5707,0.0,0,0,0,0,0,0,0,0,0,1,37
270096000,269092000,4e+06,1.0,11152.3,26.2042,0.0,190,191,6,0,0,2,0,0,1,1,43
270104000,270100000,4e+06,1.0,11152.3,26.2042,0.0,190,191,6,0,0,2,0,0,1,1,43
271000000,0,4e+06,1.0,0.0,14.4542,0.0,0,0,0,0,0,0,0,0,0,1,37
271104000,270100000,4e+06,1.0,12130.4,26.5488,0.0,190,191,6,0,0,2,0,0,1,1,43
271112000,271108000,4e+06,1.0,12130.4,26.5488,0.0,190,191,6,0,0,2,0,0,1,1,43
272000000,0,4e+06,1.0,0.0,14.5568,0.0,0,0,0,0,0,0,0,0,0,1,37
272112000,271108000,4e+06,1.0,11926.0,26.1942,0.0,190,191,6,0,0,2,0,0,1,1,43
272116000,272116000,4e+06,1.0,11926.0,26.1942,0.0,190,191,6,0,0,2,0,0,1,1,43
273000000,0,4e+06,1.0,0.0,14.5369,0.0,0,0,0,0,0,0,0,0,0,1,37
273116000,272116000,4e+06,1.0,11938.1,26.2679,0.0,190,191,6,0,0,2,0,0,1,1,43
273128000,273124000,4e+06,1.0,11938.1,26.2679,0.0,190,191,6,0,0,2,0,0,1,1,43
274000000,0,4e+06,1.0,0.0,14.5837,0.0,0,0,0,0,0,0,0,0,0,1,37
274128000,273124000,4e+06,1.0,11878.5,26.2779,0.0,190,191,6,0,0,2,0,0,1,1,43
274136000,274132000,4e+06,1.0,11878.5,26.2779,0.0,190,191,6,0,0,2,0,0,1,1,43
275000000,0,4e+06,1.0,0.0,14.491,0.0,0,0,0,0,0,0,0,0,0,1,37
275136000,274132000,4e+06,1.0,12065.2,26.2281,0.0,190,191,6,0,0,2,0,0,1,1,43
275144000,275140000,4e+06,1.0,12065.2,26.2281,0.0,190,191,6,0,0,2,0,0,1,1,43
276000000,0,4e+06,1.0,0.0,14.512,0.0,0,0,0,0,0,0,0,0,0,1,37
276144000,275140000,4e+06,1.0,11989.7,26.3028,0.0,190,191,6,0,0,2,0,0,1,1,43
276152000,276152000,4e+06,1.0,11989.7,26.3028,0.0,190,191,6,0,0,2,0,0,1,1,43
277000000,0,4e+06,1.0,0.0,14.4771,0.0,0,0,0,0,0,0,0,0,0,1,37
277152000,276152000,4e+06,1.0,11571.9,26.3456,0.0,190,191,6,0,0,2,0,0,1,1,43
277164000,277160000,4e+06,1.0,11571.9,26.3456,0.0,190,191,6,0,0,2,0,0,1,1,43
278000000,0,4e+06,1.0,0.0,14.6165,0.0,0,0,0,0,0,0,0,0,0,1,37
278164000,277160000,4e+06,1.0,11374.8,26.2918,0.0,190,191,6,0,0,2,0,0,1,1,43
278172000,278168000,4e+06,1.0,11374.8,26.2918,0.0,190,191,6,0,0,2,0,0,1,1,43
279000000,0,4e+06,1.0,0.0,14.504,0.0,0,0,0,0,0,0,0,0,0,1,37
279172000,278168000,4e+06,1.0,11551.6,26.5867,0.0,190,191,6,0,0,2,0,0,1,1,43
279180000,279176000,4e+06,1.0,11551.6,26.5867,0.0,190,191,6,0,0,2,0,0,1,1,43
280000000,0,4e+06,1.0,0.0,14.5707,0.0,0,0,0,0,0,0,0,0,0,1,37
280180000,279176000,4e+06,1.0,12224.9,26.1604,0.0,190,191,6,0,0,2,0,0,1,1,43
280192000,280188000,4e+06,1.0,12224.9,26.1604,0.0,190,191,6,0,0,2,0,0,1,1,43
281000000,0,4e+06,1.0,0.0,14.4542,0.0,0,0,0,0,0,0,0,0,0,1,37
281192000,280188000,4e+06,1.0,11669.1,26.3078,0.0,190,191,6,0,0,2,0,0,1,1,43
281200000,281196000,4e+06,1.0,11669.1,26.3078,0.0,190,191,6,0,0,2,0,0,1,1,43
282000000,0,4e+06,1.0,0.0,14.5568,0.0,0,0,0,0,0,0,0,0,0,1,37
282200000,281196000,4e+06,1.0,11550.9,26.249,0.0,190,191,6,0,0,2,0,0,1,1,43
282208000,282204000,4e+06,1.0,11550.9,26.249,0.0,190,191,6,0,0,2,0,0,1,1,43
283000000,0,4e+06,1.0,0.0,14.5369,0.0,0,0,0,0,0,0,0,0,0,1,37
283208000,282204000,4e+06,1.0,11547.9,26.2679,0.0,190,191,6,0,0,2,0,0,1,1,43
283216000,283212000,4e+06,1.0,11547.9,26.2679,0.0,190,191,6,0,0,2,0,0,1,1,43
284000000,0,4e+06,1.0,0.0,14.5837,0.0,0,0,0,0,0,0,0,0,0,1,37
284216000,283212000,4e+06,1.0,11919.3,26.2779,0.0,190,191,6,0,0,2,0,0,1,1,43
284228000,284224000,4e+06,1.0,11919.3,26.2779,0.0,190,191,6,0,0,2,0,0,1,1,43
285000000,0,4e+06,1.0,0.0,14.491,0.0,0,0,0,0,0,0,0,0,0,1,37
285228000,284224000,4e+06,1.0,12078.8,26.2281,0.0,190,191,6,0,0,2,0,0,1,1,43
285236000,285232000,4e+06,1.0,12078.8,26.2281,0.0,190,191,6,0,0,2,0,0,1,1,43
286000000,0,4e+06,1.0,0.0,14.512,0.0,0,0,0,0,0,0,0,0,0,1,37
286236000,285232000,4e+06,1.0,12046.5,26.3237,0.0,190,191,6,0,0,2,0,0,1,1,43
286244000,286240000,4e+06,1.0,12046.5,26.3237,0.0,190,191,6,0,0,2,0,0,1,1,43
287000000,0,4e+06,1.0,0.0,14.4771,0.0,0,0,0,0,0,0,0,0,0,1,37
287244000,286240000,4e+06,1.0,12237.4,26.2619,0.0,190,191,6,0,0,2,0,0,1,1,43
287252000,287248000,4e+06,1.0,12237.4,26.2619,0.0,190,191,6,0,0,2,0,0,1,1,43
288000000,0,4e+06,1.0,0.0,14.6165,0.0,0,0,0,0,0,0,0,0,0,1,37
288252000,287248000,4e+06,1.0,11961.6,26.4412,0.0,190,191,6,0,0,2,0,0,1,1,43
288264000,288260000,4e+06,1.0,11961.6,26.4412,0.0,190,191,6,0,0,2,0,0,1,1,43
289000000,0,4e+06,1.0,0.0,14.504,0.0,0,0,0,0,0,0,0,0,0,1,37
289264000,288260000,4e+06,1.0,12184.9,26.3456,0.0,190,191,6,0,0,2,0,0,1,1,43
289272000,289268000,4e+06,1.0,12184.9,26.3456,0.0,190,191,6,0,0,2,0,0,1,1,43
290000000,0,4e+06,1.0,0.0,14.5707,0.0,0,0,0,0,0,0,0,0,0,1,37
290272000,289268000,4e+06,1.0,12014.3,26.1604,0.0,190,191,6,0,0,2,0,0,1,1,43
290280000,290276000,4e+06,1.0,12014.3,26.1604,0.0,190,191,6,0,0,2,0,0,1,1,43
291000000,0,4e+06,1.0,0.0,14.4542,0.0,0,0,0,0,0,0,0,0,0,1,37
291280000,290276000,4e+06,1.0,12047.1,26.3078,0.0,190,191,6,0,0,2,0,0,1,1,43
291292000,291288000,4e+06,1.0,12047.1,26.3078,0.0,190,191,6,0,0,2,0,0,1,1,43
292000000,0,4e+06,1.0,0.0,14.5568,0.0,0,0,0,0,0,0,0,0,0,1,37
292292000,291288000,4e+06,1.0,11690.9,26.1942,0.0,190,191,6,0,0,2,0,0,1,1,43
292300000,292296000,4e+06,1.0,11690.9,26.1942,0.0,190,191,6,0,0,2,0,0,1,1,43
293000000,0,4e+06,1.0,0.0,14.5369,0.0,0,0,0,0,0,0,0,0,0,1,37
293300000,292296000,4e+06,1.0,12156.9,26.2679,0.0,190,191,6,0,0,2,0,0,1,1,43
293312000,293308000,4e+06,1.0,12156.9,26.2679,0.0,190,191,6,0,0,2,0,0,1,1,43
294000000,0,4e+06,1.0,0.0,14.5837,0.0,0,0,0,0,0,0,0,0,0,1,37
294312000,293308000,4e+06,1.0,11544.9,26.3177,0.0,190,191,6,0,0,2,0,0,1,1,43
294320000,294316000,4e+06,1.0,11544.9,26.3177,0.0,190,191,6,0,0,2,0,0,1,1,43
295000000,0,4e+06,1.0,0.0,14.491,0.0,0,0,0,0,0,0,0,0,0,1,37
295320000,294316000,4e+06,1.0,11934.4,26.2719,0.0,190,191,6,0,0,2,0,0,1,1,43
295328000,295324000,4e+06,1.0,11934.4,26.2719,0.0,190,191,6,0,0,2,0,0,1,1,43
296000000,0,4e+06,1.0,0.0,14.512,0.0,0,0,0,0,0,0,0,0,0,1,37
296328000,295324000,4e+06,1.0,11534.3,26.4811,0.0,190,191,6,0,0,2,0,0,1,1,43
296336000,296332000,4e+06,1.0,11534.3,26.4811,0.0,190,191,6,0,0,2,0,0,1,1,43
297000000,0,4e+06,1.0,0.0,14.4771,0.0,0,0,0,0,0,0,0,0,0,1,37
297336000,296332000,4e+06,1.0,12033.1,26.2619,0.0,190,191,6,0,0,2,0,0,1,1,43
297348000,297344000,4e+06,1.0,12033.1,26.2619,0.0,190,191,6,0,0,2,0,0,1,1,43
298000000,0,4e+06,1.0,0.0,14.6165,0.0,0,0,0,0,0,0,0,0,0,1,37
298348000,297344000,4e+06,1.0,12175.0,26.2002,0.0,190,191,6,0,0,2,0,0,1,1,43
298356000,298352000,4e+06,1.0,12175.0,26.2002,0.0,190,191,6,0,0,2,0,0,1,1,43
299000000,0,4e+06,1.0,0.0,14.504,0.0,0,0,0,0,0,0,0,0,0,1,37
299356000,298352000,4e+06,1.0,11879.0,26.3456,0.0,190,191,6,0,0,2,0,0,1,1,43
299364000,299360000,4e+06,1.0,11879.0,26.3456,0.0,190,191,6,0,0,2,0,0,1,1,43
300000000,0,4e+06,1.0,0.0,14.5707,0.0,0,0,0,0,0,0,0,0,0,1,37
300364000,299360000,4e+06,1.0,12066.7,26.1604,0.0,190,191,6,0,0,2,0,0,1,1,43
300372000,300368000,4e+06,1.0,12066.7,26.1604,0.0,190,191,6,0,0,2,0,0,1,1,43
301000000,0,4e+06,1.0,0.0,14.4542,0.0,0,0,0,0,0,0,0,0,0,1,37
301372000,300368000,4e+06,1.0,11489.6,26.3705,0.0,190,191,6,0,0,2,0,0,1,1,43
301384000,301380000,4e+06,1.0,11489.6,26.3705,0.0,190,191,6,0,0,2,0,0,1,1,43
302000000,0,4e+06,1.0,0.0,14.5568,0.0,0,0,0,0,0,0,0,0,0,1,37
302384000,301380000,4e+06,1.0,11818.5,26.3685,0.0,190,191,6,0,0,2,0,0,1,1,43
302392000,302388000,4e+06,1.0,11818.5,26.3685,0.0,190,191,6,0,0,2,0,0,1,1,43
303000000,0,4e+06,1.0,0.0,14.5369,0.0,0,0,0,0,0,0,0,0,0,1,37
303392000,302388000,4e+06,1.0,12096.5,26.3596,0.0,190,191,6,0,0,2,0,0,1,1,43
303400000,303396000,4e+06,1.0,12096.5,26.3596,0.0,190,191,6,0,0,2,0,0,1,1,43
304000000,0,4e+06,1.0,0.0,14.5837,0.0,0,0,0,0,0,0,0,0,0,1,37
304400000,303396000,4e+06,1.0,12152.3,26.5189,0.0,190,191,6,0,0,2,0,0,1,1,43
304408000,304404000,4e+06,1.0,12152.3,26.5189,0.0,190,191,6,0,0,2,0,0,1,1,43
305000000,0,4e+06,1.0,0.0,14.491,0.0,0,0,0,0,0,0,0,0,0,1,37
305408000,304404000,4e+06,1.0,11889.1,26.2281,0.0,190,191,6,0,0,2,0,0,1,1,43
305416000,305412000,4e+06,1.0,11889.1,26.2281,0.0,190,191,6,0,0,2,0,0,1,1,43
306000000,0,4e+06,1.0,0.0,14.512,0.0,0,0,0,0,0,0,0,0,0,1,37
306416000,305412000,4e+06,1.0,11481.7,26.2948,0.0,190,191,6,0,0,2,0,0,1,1,43
306424000,306420000,4e+06,1.0,11481.7,26.2948,0.0,190,191,6,0,0,2,0,0,1,1,43
307000000,0,4e+06,1.0,0.0,14.4771,0.0,0,0,0,0,0,0,0,0,0,1,37
307424000,306420000,4e+06,1.0,11767.2,26.2619,0.0,190,191,6,0,0,2,0,0,1,1,43
307432000,307428000,4e+06,1.0,11767.2,26.2619,0.0,190,191,6,0,0,2,0,0,1,1,43
308000000,0,4e+06,1.0,0.0,14.6165,0.0,0,0,0,0,0,0,0,0,0,1,37
308432000,307428000,4e+06,1.0,12239.1,26.2002,0.0,190,191,6,0,0,2,0,0,1,1,43
308440000,308436000,4e+06,1.0,12239.1,26.2002,0.0,190,191,6,0,0,2,0,0,1,1,43
309000000,0,4e+06,1.0,0.0,14.504,0.0,0,0,0,0,0,0,0,0,0,1,37
309440000,308436000,4e+06,1.0,11321.0,26.3456,0.0,190,191,6,0,0,2,0,0,1,1,43
309452000,309448000,4e+06,1.0,11321.0,26.3456,0.0,190,191,6,0,0,2,0,0,1,1,43
310000000,0,4e+06,1.0,0.0,14.5707,0.0,0,0,0,0,0,0,0,0,0,1,37
310452000,309448000,4e+06,1.0,12162.9,26.1604,0.0,190,191,6,0,0,2,0,0,1,1,43
310460000,310456000,4e+06,1.0,12162.9,26.1604,0.0,190,191,6,0,0,2,0,0,1,1,43
311000000,0,4e+06,1.0,0.0,14.4542,0.0,0,0,0,0,0,0,0,0,0,1,37
311460000,310456000,4e+06,1.0,12067.7,26.3914,0.0,190,191,6,0,0,2,0,0,1,1,43
311468000,311464000,4e+06,1.0,12067.7,26.3914,0.0,190,191,6,0,0,2,0,0,1,1,43
312000000,0,4e+06,1.0,0.0,14.5568,0.0,0,0,0,0,0,0,0,0,0,1,37
312468000,311464000,4e+06,1.0,11948.0,26.1942,0.0,190,191,6,0,0,2,0,0,1,1,43
312476000,312472000,4e+06,1.0,11948.0,26.1942,0.0,190,191,6,0,0,2,0,0,1,1,43
313000000,0,4e+06,1.0,0.0,14.5369,0.0,0,0,0,0,0,0,0,0,0,1,37
313476000,312472000,4e+06,1.0,12197.9,26.509,0.0,190,191,6,0,0,2,0,0,1,1,43
313488000,313484000,4e+06,1.0,12197.9,26.509,0.0,190,191,6,0,0,2,0,0,1,1,43
314000000,0,4e+06,1.0,0.0,14.5837,0.0,0,0,0,0,0,0,0,0,0,1,37
314488000,313484000,4e+06,1.0,11677.7,26.2779,0.0,190,191,6,0,0,2,0,0,1,1,43
314496000,314492000,4e+06,1.0,11677.7,26.2779,0.0,190,191,6,0,0,2,0,0,1,1,43
315000000,0,4e+06,1.0,0.0,14.491,0.0,0,0,0,0,0,0,0,0,0,1,37
315496000,314492000,4e+06,1.0,12413.3,26.2281,0.0,190,191,6,0,0,2,0,0,1,1,43
315504000,315500000,4e+06,1.0,12413.3,26.2281,0.0,190,191,6,0,0,2,0,0,1,1,43
316000000,0,4e+06,1.0,0.0,14.5398,0.0,0,0,0,0,0,0,0,0,0,1,37
316504000,315500000,4e+06,1.0,11380.3,26.24,0.0,190,191,6,0,0,2,0,0,1,1,43
316512000,316508000,4e+06,1.0,11380.3,26.24,0.0,190,191,6,0,0,2,0,0,1,1,43
317000000,0,4e+06,1.0,0.0,14.4771,0.0,0,0,0,0,0,0,0,0,0,1,37
317512000,316508000,4e+06,1.0,11497.8,26.2619,0.0,190,191,6,0,0,2,0,0,1,1,43
317524000,317520000,4e+06,1.0,11497.8,26.2619,0.0,190,191,6,0,0,2,0,0,1,1,43
318000000,0,4e+06,1.0,0.0,14.6165,0.0,0,0,0,0,0,0,0,0,0,1,37
318524000,317520000,4e+06,1.0,12127.6,26.2002,0.0,190,191,6,0,0,2,0,0,1,1,43
318532000,318528000,4e+06,1.0,12127.6,26.2002,0.0,190,191,6,0,0,2,0,0,1,1,43
319000000,0,4e+06,1.0,0.0,14.504,0.0,0,0,0,0,0,0,0,0,0,1,37
319532000,318528000,4e+06,1.0,11669.5,26.3855,0.0,190,191,6,0,0,2,0,0,1,1,43
319540000,319536000,4e+06,1.0,11669.5,26.3855,0.0,190,191,6,0,0,2,0,0,1,1,43
320000000,0,4e+06,1.0,0.0,14.5707,0.0,0,0,0,0,0,0,0,0,0,1,37
320540000,319536000,4e+06,1.0,11859.4,26.2042,0.0,190,191,6,0,0,2,0,0,1,1,43
320552000,320548000,4e+06,1.0,11859.4,26.2042,0.0,190,191,6,0,0,2,0,0,1,1,43
321000000,0,4e+06,1.0,0.0,14.4542,0.0,0,0,0,0,0,0,0,0,0,1,37
321552000,320548000,4e+06,1.0,11940.5,26.5488,0.0,190,191,6,0,0,2,0,0,1,1,43
321560000,321556000,4e+06,1.0,11940.5,26.5488,0.0,190,191,6,0,0,2,0,0,1,1,43
322000000,0,4e+06,1.0,0.0,14.5568,0.0,0,0,0,0,0,0,0,0,0,1,37
322560000,321556000,4e+06,1.0,11841.3,26.1942,0.0,190,191,6,0,0,2,0,0,1,1,43
322568000,322564000,4e+06,1.0,11841.3,26.1942,0.0,190,191,6,0,0,2,0,0,1,1,43
323000000,0,4e+06,1.0,0.0,14.5369,0.0,0,0,0,0,0,0,0,0,0,1,37
323568000,322564000,4e+06,1.0,11782.2,26.2679,0.0,190,191,6,0,0,2,0,0,1,1,43
323576000,323572000,4e+06,1.0,11782.2,26.2679,0.0,190,191,6,0,0,2,0,0,1,1,43
324000000,0,4e+06,1.0,0.0,14.5837,0.0,0,0,0,0,0,0,0,0,0,1,37
324576000,323572000,4e+06,1.0,11852.1,26.2779,0.0,190,191,6,0,0,2,0,0,1,1,43
324588000,324584000,4e+06,1.0,11852.1,26.2779,0.0,190,191,6,0,0,2,0,0,1,1,43
325000000,0,4e+06,1.0,0.0,14.491,0.0,0,0,0,0,0,0,0,0,0,1,37
325588000,324584000,4e+06,1.0,11820.6,26.2281,0.0,190,191,6,0,0,2,0,0,1,1,43
325596000,325592000,4e+06,1.0,11820.6,26.2281,0.0,190,191,6,0,0,2,0,0,1,1,43
326000000,0,4e+06,1.0,0.0,14.512,0.0,0,0,0,0,0,0,0,0,0,1,37
326596000,325592000,4e+06,1.0,11412.8,26.3028,0.0,190,191,6,0,0,2,0,0,1,1,43
326604000,326600000,4e+06,1.0,11412.8,26.3028,0.0,190,191,6,0,0,2,0,0,1,1,43
327000000,0,4e+06,1.0,0.0,14.5169,0.0,0,0,0,0,0,0,0,0,0,1,37
327604000,327600000,4e+06,1.0,12032.9,26.3456,0.0,190,191,6,0,0,2,0,0,1,1,43
328000000,0,4e+06,1.0,0.0,14.6165,0.0,0,0,0,0,0,0,0,0,0,1,37
328604000,328600000,4e+06,1.0,7349.36,26.2918,0.0,190,191,6,0,0,2,0,0,1,1,43
329000000,0,4e+06,1.0,0.0,14.504,0.0,0,0,0,0,0,0,0,0,0,1,37
329604000,328600000,4e+06,1.0,1.31574,26.5518,0.0,190,191,6,0,0,2,0,0,1,1,43
330000000,0,4e+06,1.0,0.0,14.5707,0.0,0,0,0,0,0,0,0,0,0,1,37
330604000,329604000,4e+06,1.0,1.31574,26.3964,0.0,190,191,6,0,0,2,0,0,1,1,43
331000000,0,4e+06,1.0,0.0,14.5129,0.0,0,0,0,0,0,0,0,0,0,1,37
331604000,330604000,4e+06,1.0,1.31574,26.9402,0.0,190,191,6,0,0,2,0,0,1,1,43
332000000,0,4e+06,1.0,0.0,14.6743,0.0,0,0,0,0,0,0,0,0,0,1,37
332604000,331604000,4e+06,1.0,1.31574,26.8018,0.0,190,191,6,0,0,2,0,0,1,1,43
333000000,0,4e+06,1.0,0.0,14.5956,0.0,0,0,0,0,0,0,0,0,0,1,37
333604000,332604000,4e+06,1.0,1.31574,26.8416,0.0,190,191,6,0,0,2,0,0,1,1,43
334000000,0,4e+06,1.0,0.0,14.7012,0.0,0,0,0,0,0,0,0,0,0,1,37
334604000,333604000,4e+06,1.0,1.31574,26.8884,0.0,190,191,6,0,0,2,0,0,1,1,43
334612000,334608000,4e+06,1.0,1.31574,26.8884,0.0,190,191,6,0,0,2,0,0,1,1,43
335000000,0,4e+06,1.0,0.0,14.5498,0.0,0,0,0,0,0,0,0,0,0,1,37
335612000,335608000,4e+06,1.0,1.31574,26.8536,0.0,190,191,6,0,0,2,0,0,1,1,43
336000000,0,4e+06,1.0,0.0,14.6295,0.0,0,0,0,0,0,0,0,0,0,1,37
336612000,336608000,4e+06,1.0,1.38048,26.9004,0.0,190,191,6,0,0,2,0,0,1,1,43
337000000,0,4e+06,1.0,0.0,14.5359,0.0,0,0,0,0,0,0,0,0,0,1,37
337612000,337608000,4e+06,1.0,1.31574,26.9034,0.0,190,191,6,0,0,2,0,0,1,1,43
338000000,0,4e+06,1.0,0.0,14.7341,0.0,0,0,0,0,0,0,0,0,0,1,37
338612000,338612000,4e+06,1.0,1.31574,27.0169,0.0,190,191,6,0,0,2,0,0,1,1,43
339000000,0,4e+06,1.0,0.0,14.5627,0.0,0,0,0,0,0,0,0,0,0,1,37
339612000,338612000,4e+06,1.0,1.31574,26.9004,0.0,190,191,6,0,0,2,0,0,1,1,43
340000000,0,4e+06,1.0,0.0,14.758,0.0,0,0,0,0,0,0,0,0,0,1,37
340612000,339612000,4e+06,1.0,1.31574,26.7102,0.0,190,191,6,0,0,2,0,0,1,1,43
341000000,0,4e+06,1.0,0.0,14.4432,0.0,0,0,0,0,0,0,0,0,0,1,37
341612000,340612000,4e+06,1.0,1.31574,26.9353,0.0,190,191,6,0,0,2,0,0,1,1,43
342000000,0,4e+06,1.0,0.0,14.744,0.0,0,0,0,0,0,0,0,0,0,1,37
342612000,341612000,4e+06,1.0,1.31574,26.8217,0.0,190,191,6,0,0,2,0,0,1,1,43
343000000,0,4e+06,1.0,0.0,14.5259,0.0,0,0,0,0,0,0,0,0,0,1,37
343612000,342612000,4e+06,1.0,1.31574,26.8954,0.0,190,191,6,0,0,2,0,0,1,1,43
343620000,343616000,4e+06,1.0,1.31574,26.8954,0.0,190,191,6,0,0,2,0,0,1,1,43
344000000,0,4e+06,1.0,0.0,14.7709,0.0,0,0,0,0,0,0,0,0,0,1,37
344620000,344616000,4e+06,1.0,1.31574,26.9452,0.0,190,191,6,0,0,2,0,0,1,1,43
345000000,0,4e+06,1.0,0.0,14.4801,0.0,0,0,0,0,0,0,0,0,0,1,37
345620000,345620000,4e+06,1.0,1.31574,26.8994,0.0,190,191,6,0,0,2,0,0,1,1,43
346000000,0,4e+06,1.0,0.0,14.6992,0.0,0,0,0,0,0,0,0,0,0,1,37
346620000,345620000,4e+06,1.0,1.31574,27.1086,0.0,190,191,6,0,0,2,0,0,1,1,43
347000000,0,4e+06,1.0,0.0,14.4661,0.0,0,0,0,0,0,0,0,0,0,1,37
347620000,347616000,4e+06,1.0,1.31574,26.8894,0.0,190,191,6,0,0,2,0,0,1,1,43
348000000,0,4e+06,1.0,0.0,14.8038,0.0,0,0,0,0,0,0,0,0,0,1,37
348620000,348616000,4e+06,1.0,1.38048,26.8277,0.0,190,191,6,0,0,2,0,0,1,1,43
349000000,0,4e+06,1.0,0.0,14.493,0.0,0,0,0,0,0,0,0,0,0,1,37
349620000,349616000,4e+06,1.0,1.31574,26.9731,0.0,190,191,6,0,0,2,0,0,1,1,43
350000000,0,4e+06,1.0,0.0,14.758,0.0,0,0,0,0,0,0,0,0,0,1,37
350620000,350616000,4e+06,1.0,1.31574,26.7789,0.0,190,191,6,0,0,2,0,0,1,1,43
351000000,0,4e+06,1.0,0.0,14.4432,0.0,0,0,0,0,0,0,0,0,0,1,37
351620000,351616000,4e+06,1.0,1.31574,26.998,0.0,190,191,6,0,0,2,0,0,1,1,43
352000000,0,4e+06,1.0,0.0,14.744,0.0,0,0,0,0,0,0,0,0,0,1,37
352620000,352616000,4e+06,1.0,1.31574,27.007,0.0,190,191,6,0,0,2,0,0,1,1,43
353000000,0,4e+06,1.0,0.0,14.5259,0.0,0,0,0,0,0,0,0,0,0,1,37
353620000,353616000,4e+06,1.0,1.31574,26.9781,0.0,190,191,6,0,0,2,0,0,1,1,43
354000000,0,4e+06,1.0,0.0,14.7709,0.0,0,0,0,0,0,0,0,0,0,1,37
354620000,353616000,4e+06,1.0,1.31574,27.1285,0.0,190,191,6,0,0,2,0,0,1,1,43
354628000,354624000,4e+06,1.0,1.31574,27.1285,0.0,190,191,6,0,0,2,0,0,1,1,43
355000000,0,4e+06,1.0,0.0,14.4213,0.0,0,0,0,0,0,0,0,0,0,1,37
355628000,355624000,4e+06,1.0,1.31574,26.8526,0.0,190,191,6,0,0,2,0,0,1,1,43
356000000,0,4e+06,1.0,0.0,14.758,0.0,0,0,0,0,0,0,0,0,0,1,37
356628000,356624000,4e+06,1.0,1.31574,26.9173,0.0,190,191,6,0,0,2,0,0,1,1,43
357000000,0,4e+06,1.0,0.0,14.4661,0.0,0,0,0,0,0,0,0,0,0,1,37
357628000,356624000,4e+06,1.0,1.31574,26.8735,0.0,190,191,6,0,0,2,0,0,1,1,43
357640000,357636000,4e+06,1.0,1.31574,26.8735,0.0,190,191,6,0,0,2,0,0,1,1,43
358000000,0,4e+06,1.0,0.0,14.8038,0.0,0,0,0,0,0,0,0,0,0,1,37
358640000,357636000,4e+06,1.0,1.31574,26.8247,0.0,190,191,6,0,0,2,0,0,1,1,43
358648000,358644000,4e+06,1.0,1.31574,26.8247,0.0,190,191,6,0,0,2,0,0,1,1,43
359000000,0,4e+06,1.0,0.0,14.493,0.0,0,0,0,0,0,0,0,0,0,1,37
359648000,359644000,4e+06,1.0,1.31574,26.9372,0.0,190,191,6,0,0,2,0,0,1,1,43
360000000,0,4e+06,1.0,0.0,14.758,0.0,0,0,0,0,0,0,0,0,0,1,37
360648000,359644000,4e+06,1.0,1.38048,26.7878,0.0,190,191,6,0,0,2,0,0,1,1,43
361000000,0,4e+06,1.0,0.0,14.4432,0.0,0,0,0,0,0,0,0,0,0,1,37
361648000,360648000,4e+06,1.0,1.31574,26.6036,0.0,190,191,6,0,0,2,0,0,1,1,43
362000000,0,4e+06,1.0,0.0,14.6853,0.0,0,0,0,0,0,0,0,0,0,1,37
362648000,361648000,4e+06,1.0,1.31574,26.4353,0.0,190,191,6,0,0,2,0,0,1,1,43
363000000,0,4e+06,1.0,0.0,14.4671,0.0,0,0,0,0,0,0,0,0,0,1,37
363648000,362648000,4e+06,1.0,1.31574,26.2679,0.0,190,191,6,0,0,2,0,0,1,1,43
364000000,0,4e+06,1.0,0.0,14.6534,0.0,0,0,0,0,0,0,0,0,0,1,37
364648000,363648000,4e+06,1.0,1.31574,26.2779,0.0,190,191,6,0,0,2,0,0,1,1,43
365000000,0,4e+06,1.0,0.0,14.4213,0.0,0,0,0,0,0,0,0,0,0,1,37
365648000,364648000,4e+06,1.0,1.31574,26.2281,0.0,190,191,6,0,0,2,0,0,1,1,43
365656000,365652000,4e+06,1.0,1.31574,26.2281,0.0,190,191,6,0,0,2,0,0,1,1,43
366000000,0,4e+06,1.0,0.0,14.5817,0.0,0,0,0,0,0,0,0,0,0,1,37
366656000,366652000,4e+06,1.0,1.31574,26.24,0.0,190,191,6,0,0,2,0,0,1,1,43
367000000,0,4e+06,1.0,0.0,14.4074,0.0,0,0,0,0,0,0,0,0,0,1,37
367656000,367652000,4e+06,1.0,1.31574,26.2619,0.0,190,191,6,0,0,2,0,0,1,1,43
368000000,0,4e+06,1.0,0.0,14.6863,0.0,0,0,0,0,0,0,0,0,0,1,37
368656000,367652000,4e+06,1.0,1.31574,26.2002,0.0,190,191,6,0,0,2,0,0,1,1,43
368664000,368660000,4e+06,1.0,1.31574,26.2002,0.0,190,191,6,0,0,2,0,0,1,1,43
369000000,0,4e+06,1.0,0.0,14.4343,0.0,0,0,0,0,0,0,0,0,0,1,37
369664000,369660000,4e+06,1.0,1.38048,26.3855,0.0,190,191,6,0,0,2,0,0,1,1,43
370000000,0,4e+06,1.0,0.0,14.6404,0.0,0,0,0,0,0,0,0,0,0,1,37
370664000,370660000,4e+06,1.0,1.31574,26.2042,0.0,190,191,6,0,0,2,0,0,1,1,43
371000000,0,4e+06,1.0,0.0,14.3845,0.0,0,0,0,0,0,0,0,0,0,1,37
371664000,370660000,4e+06,1.0,1.31574,26.5488,0.0,190,191,6,0,0,2,0,0,1,1,43
372000000,0,4e+06,1.0,0.0,14.6265,0.0,0,0,0,0,0,0,0,0,0,1,37
372664000,371664000,4e+06,1.0,1.31574,26.1942,0.0,190,191,6,0,0,2,0,0,1,1,43
372676000,372672000,4e+06,1.0,1.31574,26.1942,0.0,190,191,6,0,0,2,0,0,1,1,43
373000000,0,4e+06,1.0,0.0,14.4671,0.0,0,0,0,0,0,0,0,0,0,1,37
373676000,373672000,4e+06,1.0,1.31574,26.2679,0.0,190,191,6,0,0,2,0,0,1,1,43
374000000,0,4e+06,1.0,0.0,14.6534,0.0,0,0,0,0,0,0,0,0,0,1,37
374676000,374672000,4e+06,1.0,1.31574,26.2779,0.0,190,191,6,0,0,2,0,0,1,1,43
375000000,0,4e+06,1.0,0.0,14.4213,0.0,0,0,0,0,0,0,0,0,0,1,37
375676000,375672000,4e+06,1.0,1.31574,26.2281,0.0,190,191,6,0,0,2,0,0,1,1,43
376000000,0,4e+06,1.0,0.0,14.5817,0.0,0,0,0,0,0,0,0,0,0,1,37
376676000,376672000,4e+06,1.0,1.31574,26.3028,0.0,190,191,6,0,0,2,0,0,1,1,43
377000000,0,4e+06,1.0,0.0,14.4074,0.0,0,0,0,0,0,0,0,0,0,1,37
377676000,376672000,4e+06,1.0,1.31574,26.4263,0.0,190,191,6,0,0,2,0,0,1,1,43
378000000,0,4e+06,1.0,0.0,14.7141,0.0,0,0,0,0,0,0,0,0,0,1,37
378676000,377676000,4e+06,1.0,1.31574,26.252,0.0,190,191,6,0,0,2,0,0,1,1,43
379000000,0,4e+06,1.0,0.0,14.4343,0.0,0,0,0,0,0,0,0,0,0,1,37
379676000,379672000,4e+06,1.0,1.38048,26.5867,0.0,190,191,6,0,0,2,0,0,1,1,43
380000000,0,4e+06,1.0,0.0,14.6404,0.0,0,0,0,0,0,0,0,0,0,1,37
380676000,380672000,4e+06,1.0,1.31574,26.1604,0.0,190,191,6,0,0,2,0,0,1,1,43
381000000,0,4e+06,1.0,0.0,14.3845,0.0,0,0,0,0,0,0,0,0,0,1,37
381676000,380672000,4e+06,1.0,1.31574,26.3625,0.0,190,191,6,0,0,2,0,0,1,1,43
381684000,381680000,4e+06,1.0,1.31574,26.3625,0.0,190,191,6,0,0,2,0,0,1,1,43
382000000,0,4e+06,1.0,0.0,14.6265,0.0,0,0,0,0,0,0,0,0,0,1,37
382684000,382680000,4e+06,1.0,1.31574,26.1942,0.0,190,191,6,0,0,2,0,0,1,1,43
383000000,0,4e+06,1.0,0.0,14.4671,0.0,0,0,0,0,0,0,0,0,0,1,37
383684000,382680000,4e+06,1.0,1.31574,26.2679,0.0,190,191,6,0,0,2,0,0,1,1,43
383696000,383692000,4e+06,1.0,1.31574,26.2679,0.0,190,191,6,0,0,2,0,0,1,1,43
384000000,0,4e+06,1.0,0.0,14.6534,0.0,0,0,0,0,0,0,0,0,0,1,37
384696000,384692000,4e+06,1.0,1.31574,26.2779,0.0,190,191,6,0,0,2,0,0,1,1,43
385000000,0,4e+06,1.0,0.0,14.4213,0.0,0,0,0,0,0,0,0,0,0,1,37
385696000,385692000,4e+06,1.0,1.31574,26.2281,0.0,190,191,6,0,0,2,0,0,1,1,43
386000000,0,4e+06,1.0,0.0,14.5817,0.0,0,0,0,0,0,0,0,0,0,1,37
386696000,386692000,4e+06,1.0,1.31574,26.3237,0.0,190,191,6,0,0,2,0,0,1,1,43
387000000,0,4e+06,1.0,0.0,14.4074,0.0,0,0,0,0,0,0,0,0,0,1,37
387696000,386692000,4e+06,1.0,1.31574,26.503,0.0,190,191,6,0,0,2,0,0,1,1,43
388000000,0,4e+06,1.0,0.0,14.6863,0.0,0,0,0,0,0,0,0,0,0,1,37
388696000,387696000,4e+06,1.0,1.31574,26.2002,0.0,190,191,6,0,0,2,0,0,1,1,43
389000000,0,4e+06,1.0,0.0,14.4343,0.0,0,0,0,0,0,0,0,0,0,1,37
389696000,389692000,4e+06,1.0,1.31574,26.3456,0.0,190,191,6,0,0,2,0,0,1,1,43
390000000,0,4e+06,1.0,0.0,14.6404,0.0,0,0,0,0,0,0,0,0,0,1,37
390696000,389692000,4e+06,1.0,1.38048,26.1414,0.0,190,191,6,0,0,2,0,0,1,1,43
391000000,0,4e+06,1.0,0.0,14.3845,0.0,0,0,0,0,0,0,0,0,0,1,37
391696000,390696000,4e+06,1.0,1.31574,26.1235,0.0,190,191,6,0,0,2,0,0,1,1,43
391704000,391700000,4e+06,1.0,1.31574,26.1235,0.0,190,191,6,0,0,2,0,0,1,1,43
392000000,0,4e+06,1.0,0.0,14.6265,0.0,0,0,0,0,0,0,0,0,0,1,37
392704000,391700000,4e+06,1.0,10337.2,26.0886,0.0,190,191,6,0,0,2,0,0,1,1,43
392712000,392708000,4e+06,1.0,10337.2,26.0886,0.0,190,191,6,0,0,2,0,0,1,1,43
393000000,0,4e+06,1.0,0.0,14.4671,0.0,0,0,0,0,0,0,0,0,0,1,37
393704000,393700000,4e+06,1.0,12402.8,26.2002,0.0,190,191,6,0,0,2,0,0,1,1,43
394000000,0,4e+06,1.0,0.0,14.6534,0.0,0,0,0,0,0,0,0,0,0,1,37
394704000,393700000,4e+06,1.0,12646.7,26.2679,0.0,190,191,6,0,0,2,0,0,1,1,43
394716000,394712000,4e+06,1.0,12646.7,26.2679,0.0,190,191,6,0,0,2,0,0,1,1,43
395000000,0,4e+06,1.0,0.0,14.4213,0.0,0,0,0,0,0,0,0,0,0,1,37
395716000,394712000,4e+06,1.0,13138.0,26.2221,0.0,190,191,6,0,0,2,0,0,1,1,43
395724000,395720000,4e+06,1.0,13138.0,26.2221,0.0,190,191,6,0,0,2,0,0,1,1,43
396000000,0,4e+06,1.0,0.0,14.5817,0.0,0,0,0,0,0,0,0,0,0,1,37
396724000,395720000,4e+06,1.0,13024.4,26.4303,0.0,190,191,6,0,0,2,0,0,1,1,43
396732000,396728000,4e+06,1.0,13024.4,26.4303,0.0,190,191,6,0,0,2,0,0,1,1,43
397000000,0,4e+06,1.0,0.0,14.4074,0.0,0,0,0,0,0,0,0,0,0,1,37
397732000,396728000,4e+06,1.0,11718.5,26.2121,0.0,190,191,6,0,0,2,0,0,1,1,43
398000000,0,4e+06,1.0,0.0,14.6863,0.0,0,0,0,0,0,0,0,0,0,1,37
398732000,397732000,4e+06,1.0,11569.8,26.1504,0.0,190,191,6,0,0,2,0,0,1,1,43
398740000,398736000,4e+06,1.0,11569.8,26.1504,0.0,190,191,6,0,0,2,0,0,1,1,43
399000000,0,4e+06,1.0,0.0,14.4343,0.0,0,0,0,0,0,0,0,0,0,1,37
399740000,398736000,4e+06,1.0,11859.7,26.2958,0.0,190,191,6,0,0,2,0,0,1,1,43
399748000,399744000,4e+06,1.0,11859.7,26.2958,0.0,190,191,6,0,0,2,0,0,1,1,43
400000000,0,4e+06,1.0,0.0,14.6404,0.0,0,0,0,0,0,0,0,0,0,1,37
400740000,400736000,4e+06,1.0,11669.3,26.1106,0.0,190,191,6,0,0,2,0,0,1,1,43
401000000,0,4e+06,1.0,0.0,14.3845,0.0,0,0,0,0,0,0,0,0,0,1,37
401740000,400736000,4e+06,1.0,12255.4,26.3197,0.0,190,191,6,0,0,2,0,0,1,1,43
401748000,401744000,4e+06,1.0,12255.4,26.3197,0.0,190,191,6,0,0,2,0,0,1,1,43
402000000,0,4e+06,1.0,0.0,14.6265,0.0,0,0,0,0,0,0,0,0,0,1,37
402748000,401744000,4e+06,1.0,11945.1,26.3586,0.0,190,191,6,0,0,2,0,0,1,1,43
402756000,402752000,4e+06,1.0,11945.1,26.3586,0.0,190,191,6,0,0,2,0,0,1,1,43
403000000,0,4e+06,1.0,0.0,14.4671,0.0,0,0,0,0,0,0,0,0,0,1,37
403756000,402752000,4e+06,1.0,12323.5,26.2699,0.0,190,191,6,0,0,2,0,0,1,1,43
403764000,403760000,4e+06,1.0,12323.5,26.2699,0.0,190,191,6,0,0,2,0,0,1,1,43
404000000,0,4e+06,1.0,0.0,14.6534,0.0,0,0,0,0,0,0,0,0,0,1,37
404764000,403760000,4e+06,1.0,12269.0,26.4691,0.0,190,191,6,0,0,2,0,0,1,1,43
404772000,404772000,4e+06,1.0,12269.0,26.4691,0.0,190,191,6,0,0,2,0,0,1,1,43
405000000,0,4e+06,1.0,0.0,14.4213,0.0,0,0,0,0,0,0,0,0,0,1,37
405772000,404772000,4e+06,1.0,8587.98,26.1783,0.0,190,191,6,0,0,2,0,0,1,1,43
406000000,0,4e+06,1.0,0.0,14.5817,0.0,0,0,0,0,0,0,0,0,0,1,37
406772000,405772000,4e+06,1.0,1.31574,26.261,0.0,190,191,6,0,0,2,0,0,1,1,43
406780000,406776000,4e+06,1.0,1.31574,26.261,0.0,190,191,6,0,0,2,0,0,1,1,43
407000000,0,4e+06,1.0,0.0,14.4074,0.0,0,0,0,0,0,0,0,0,0,1,37
407780000,407776000,4e+06,1.0,3609.27,26.1962,0.0,190,191,6,0,0,2,0,0,1,1,43
408000000,0,4e+06,1.0,0.0,14.6863,0.0,0,0,0,0,0,0,0,0,0,1,37
408780000,407776000,4e+06,1.0,12554.9,26.2181,0.0,190,191,6,0,0,2,0,0,1,1,43
408788000,408784000,4e+06,1.0,12554.9,26.2181,0.0,190,191,6,0,0,2,0,0,1,1,43
409000000,0,4e+06,1.0,0.0,14.494,0.0,0,0,0,0,0,0,0,0,0,1,37
409788000,408784000,4e+06,1.0,12867.1,26.2281,0.0,190,191,6,0,0,2,0,0,1,1,43
409796000,409792000,4e+06,1.0,12867.1,26.2281,0.0,190,191,6,0,0,2,0,0,1,1,43
410000000,0,4e+06,1.0,0.0,14.5807,0.0,0,0,0,0,0,0,0,0,0,1,37
410796000,409792000,4e+06,1.0,12484.0,26.1783,0.0,190,191,6,0,0,2,0,0,1,1,43
410804000,410800000,4e+06,1.0,12484.0,26.1783,0.0,190,191,6,0,0,2,0,0,1,1,43
411000000,0,4e+06,1.0,0.0,14.4442,0.0,0,0,0,0,0,0,0,0,0,1,37
411804000,410800000,4e+06,1.0,11898.5,26.2729,0.0,190,191,6,0,0,2,0,0,1,1,43
411812000,411812000,4e+06,1.0,11898.5,26.2729,0.0,190,191,6,0,0,2,0,0,1,1,43
412000000,0,4e+06,1.0,0.0,14.5667,0.0,0,0,0,0,0,0,0,0,0,1,37
412812000,411812000,4e+06,1.0,12973.3,26.4532,0.0,190,191,6,0,0,2,0,0,1,1,43
412824000,412820000,4e+06,1.0,12973.3,26.4532,0.0,190,191,6,0,0,2,0,0,1,1,43
413000000,0,4e+06,1.0,0.0,14.5269,0.0,0,0,0,0,0,0,0,0,0,1,37
413824000,412820000,4e+06,1.0,12572.3,26.1504,0.0,190,191,6,0,0,2,0,0,1,1,43
413832000,413828000,4e+06,1.0,12572.3,26.1504,0.0,190,191,6,0,0,2,0,0,1,1,43
414000000,0,4e+06,1.0,0.0,14.5936,0.0,0,0,0,0,0,0,0,0,0,1,37
414828000,414824000,4e+06,1.0,12239.6,26.2958,0.0,190,191,6,0,0,2,0,0,1,1,43
415000000,0,4e+06,1.0,0.0,14.4811,0.0,0,0,0,0,0,0,0,0,0,1,37
415828000,414824000,4e+06,1.0,13038.0,26.1106,0.0,190,191,6,0,0,2,0,0,1,1,43
415836000,415832000,4e+06,1.0,13038.0,26.1106,0.0,190,191,6,0,0,2,0,0,1,1,43
416000000,0,4e+06,1.0,0.0,14.5219,0.0,0,0,0,0,0,0,0,0,0,1,37
416836000,415832000,4e+06,1.0,12877.9,26.257,0.0,190,191,6,0,0,2,0,0,1,1,43
416848000,416844000,4e+06,1.0,12877.9,26.257,0.0,190,191,6,0,0,2,0,0,1,1,43
417000000,0,4e+06,1.0,0.0,14.4671,0.0,0,0,0,0,0,0,0,0,0,1,37
417848000,416844000,4e+06,1.0,11849.9,26.1444,0.0,190,191,6,0,0,2,0,0,1,1,43
417856000,417852000,4e+06,1.0,11849.9,26.1444,0.0,190,191,6,0,0,2,0,0,1,1,43
418000000,0,4e+06,1.0,0.0,14.6265,0.0,0,0,0,0,0,0,0,0,0,1,37
418856000,417852000,4e+06,1.0,11715.2,26.2181,0.0,190,191,6,0,0,2,0,0,1,1,43
418868000,418864000,4e+06,1.0,11715.2,26.2181,0.0,190,191,6,0,0,2,0,0,1,1,43
419000000,0,4e+06,1.0,0.0,14.494,0.0,0,0,0,0,0,0,0,0,0,1,37
419868000,418864000,4e+06,1.0,11254.1,26.2679,0.0,190,191,6,0,0,2,0,0,1,1,43
419876000,419872000,4e+06,1.0,11254.1,26.2679,0.0,190,191,6,0,0,2,0,0,1,1,43
420000000,0,4e+06,1.0,0.0,14.5807,0.0,0,0,0,0,0,0,0,0,0,1,37
420876000,420872000,4e+06,1.0,11955.9,26.2221,0.0,190,191,6,0,0,2,0,0,1,1,43
421000000,0,4e+06,1.0,0.0,14.4442,0.0,0,0,0,0,0,0,0,0,0,1,37
421876000,420872000,4e+06,1.0,10964.2,26.4303,0.0,190,191,6,0,0,2,0,0,1,1,43
421884000,421880000,4e+06,1.0,10964.2,26.4303,0.0,190,191,6,0,0,2,0,0,1,1,43
422000000,0,4e+06,1.0,0.0,14.5667,0.0,0,0,0,0,0,0,0,0,0,1,37
422884000,421880000,4e+06,1.0,12102.8,26.2121,0.0,190,191,6,0,0,2,0,0,1,1,43
423000000,0,4e+06,1.0,0.0,14.5966,0.0,0,0,0,0,0,0,0,0,0,1,37
423884000,422884000,4e+06,1.0,10869.9,26.1504,0.0,190,191,6,0,0,2,0,0,1,1,43
424000000,0,4e+06,1.0,0.0,14.5239,0.0,0,0,0,0,0,0,0,0,0,1,37
424884000,423884000,4e+06,1.0,11156.1,26.2958,0.0,190,191,6,0,0,2,0,0,1,1,43
424896000,424892000,4e+06,1.0,11156.1,26.2958,0.0,190,191,6,0,0,2,0,0,1,1,43
425000000,0,4e+06,1.0,0.0,14.492,0.0,0,0,0,0,0,0,0,0,0,1,37
425896000,424892000,4e+06,1.0,11594.4,26.1106,0.0,190,191,6,0,0,2,0,0,1,1,43
425904000,425900000,4e+06,1.0,11594.4,26.1106,0.0,190,191,6,0,0,2,0,0,1,1,43
426000000,0,4e+06,1.0,0.0,14.511,0.0,0,0,0,0,0,0,0,0,0,1,37
426904000,425900000,4e+06,1.0,11883.4,26.3197,0.0,190,191,6,0,0,2,0,0,1,1,43
426912000,426908000,4e+06,1.0,11883.4,26.3197,0.0,190,191,6,0,0,2,0,0,1,1,43
427000000,0,4e+06,1.0,0.0,14.5369,0.0,0,0,0,0,0,0,0,0,0,1,37
427912000,426908000,4e+06,1.0,11580.1,26.2679,0.0,190,191,6,0,0,2,0,0,1,1,43
427920000,427916000,4e+06,1.0,11580.1,26.2679,0.0,190,191,6,0,0,2,0,0,1,1,43
428000000,0,4e+06,1.0,0.0,14.5568,0.0,0,0,0,0,0,0,0,0,0,1,37
428920000,427916000,4e+06,1.0,11587.0,26.2699,0.0,190,191,6,0,0,2,0,0,1,1,43
429000000,0,4e+06,1.0,0.0,14.5637,0.0,0,0,0,0,0,0,0,0,0,1,37
429920000,428920000,4e+06,1.0,11165.8,26.4691,0.0,190,191,6,0,0,2,0,0,1,1,43
429932000,429928000,4e+06,1.0,11165.8,26.4691,0.0,190,191,6,0,0,2,0,0,1,1,43
430000000,0,4e+06,1.0,0.0,14.511,0.0,0,0,0,0,0,0,0,0,0,1,37
430932000,430928000,4e+06,1.0,11370.7,26.1783,0.0,190,191,6,0,0,2,0,0,1,1,43
431000000,0,4e+06,1.0,0.0,14.5139,0.0,0,0,0,0,0,0,0,0,0,1,37
431932000,430928000,4e+06,1.0,12026.6,26.244,0.0,190,191,6,0,0,2,0,0,1,1,43
431944000,431940000,4e+06,1.0,12026.6,26.244,0.0,190,191,6,0,0,2,0,0,1,1,43
432000000,0,4e+06,1.0,0.0,14.497,0.0,0,0,0,0,0,0,0,0,0,1,37
432944000,431940000,4e+06,1.0,11681.5,26.2121,0.0,190,191,6,0,0,2,0,0,1,1,43
432952000,432948000,4e+06,1.0,11681.5,26.2121,0.0,190,191,6,0,0,2,0,0,1,1,43
433000000,0,4e+06,1.0,0.0,14.5966,0.0,0,0,0,0,0,0,0,0,0,1,37
433952000,432948000,4e+06,1.0,12098.7,26.1504,0.0,190,191,6,0,0,2,0,0,1,1,43
433960000,433956000,4e+06,1.0,12098.7,26.1504,0.0,190,191,6,0,0,2,0,0,1,1,43
434000000,0,4e+06,1.0,0.0,14.5239,0.0,0,0,0,0,0,0,0,0,0,1,37
434960000,433956000,4e+06,1.0,11594.5,26.2958,0.0,190,191,6,0,0,2,0,0,1,1,43
434972000,434968000,4e+06,1.0,11594.5,26.2958,0.0,190,191,6,0,0,2,0,0,1,1,43
435000000,0,4e+06,1.0,0.0,14.5508,0.0,0,0,0,0,0,0,0,0,0,1,37
435972000,434968000,4e+06,1.0,11570.7,26.1106,0.0,190,191,6,0,0,2,0,0,1,1,43
435980000,435976000,4e+06,1.0,11570.7,26.1106,0.0,190,191,6,0,0,2,0,0,1,1,43
436000000,0,4e+06,1.0,0.0,14.4522,0.0,0,0,0,0,0,0,0,0,0,1,37
436980000,435976000,4e+06,1.0,11714.0,26.3406,0.0,190,191,6,0,0,2,0,0,1,1,43
436988000,436984000,4e+06,1.0,11714.0,26.3406,0.0,190,191,6,0,0,2,0,0,1,1,43
437000000,0,4e+06,1.0,0.0,14.5369,0.0,0,0,0,0,0,0,0,0,0,1,37
437988000,436984000,4e+06,1.0,11275.0,26.3855,0.0,190,191,6,0,0,2,0,0,1,1,43
437996000,437992000,4e+06,1.0,11275.0,26.3855,0.0,190,191,6,0,0,2,0,0,1,1,43
438000000,0,4e+06,1.0,0.0,14.5568,0.0,0,0,0,0,0,0,0,0,0,1,37
438996000,438992000,4e+06,1.0,8058.66,26.2181,0.0,190,191,6,0,0,2,0,0,1,1,43
439000000,0,4e+06,1.0,0.0,14.5637,0.0,0,0,0,0,0,0,0,0,0,1,37
439996000,438992000,4e+06,1.0,1.31574,26.258,0.0,190,191,6,0,0,2,0,0,1,1,43
440000000,0,4e+06,1.0,0.0,14.511,0.0,0,0,0,0,0,0,0,0,0,1,37
440996000,439996000,4e+06,1.0,1.35956,26.2321,0.0,190,191,6,0,0,2,0,0,1,1,43
441000000,0,4e+06,1.0,0.0,14.6116,0.0,0,0,0,0,0,0,0,0,0,1,37
441004000,441000000,4e+06,1.0,1.35956,26.2321,0.0,190,191,6,0,0,2,0,0,1,1,43
442000000,0,4e+06,1.0,0.0,14.497,0.0,0,0,0,0,0,0,0,0,0,1,37
442000000,441996000,4e+06,1.0,0.344621,26.2131,0.0,190,191,6,0,0,2,0,0,1,1,43
443000000,441996000,4e+06,1.0,0.0209163,26.242,0.0,190,191,6,0,0,2,0,0,1,1,43
443000000,0,4e+06,1.0,0.0,14.5966,0.0,0,0,0,0,0,0,0,0,0,1,37
444000000,0,4e+06,1.0,0.0,14.5239,0.0,0,0,0,0,0,0,0,0,0,1,37
444000000,443000000,4e+06,1.0,0.0209163,26.1584,0.0,190,191,6,0,0,2,0,0,1,1,43
445000000,0,4e+06,1.0,0.0,14.5508,0.0,0,0,0,0,0,0,0,0,0,1,37
445000000,444000000,4e+06,1.0,0.0209163,26.3476,0.0,190,191,6,0,0,2,0,0,1,1,43
446000000,445996000,4e+06,1.0,0.0209163,26.1833,0.0,190,191,6,0,0,2,0,0,1,1,43
446000000,0,4e+06,1.0,0.0,14.4522,0.0,0,0,0,0,0,0,0,0,0,1,37
447000000,0,4e+06,1.0,0.0,14.5369,0.0,0,0,0,0,0,0,0,0,0,1,37
447000000,447000000,4e+06,1.0,0.0209163,26.5388,0.0,190,191,6,0,0,2,0,0,1,1,43
448000000,0,4e+06,1.0,0.0,14.5568,0.0,0,0,0,0,0,0,0,0,0,1,37
448000000,447000000,4e+06,1.0,0.0209163,26.1494,0.0,190,191,6,0,0,2,0,0,1,1,43
449000000,0,4e+06,1.0,0.0,14.5637,0.0,0,0,0,0,0,0,0,0,0,1,37
449000000,448000000,4e+06,1.0,0.0209163,26.2679,0.0,190,191,6,0,0,2,0,0,1,1,43
449008000,449004000,4e+06,1.0,0.0209163,26.2679,0.0,190,191,6,0,0,2,0,0,1,1,43
450000000,0,4e+06,1.0,0.0,14.511,0.0,0,0,0,0,0,0,0,0,0,1,37
450008000,450004000,4e+06,1.0,0.0209163,26.2779,0.0,190,191,6,0,0,2,0,0,1,1,43
451000000,0,4e+06,1.0,0.0,14.5139,0.0,0,0,0,0,0,0,0,0,0,1,37
451008000,450004000,4e+06,1.0,0.0209163,26.1912,0.0,190,191,6,0,0,2,0,0,1,1,43
452000000,0,4e+06,1.0,0.0,14.497,0.0,0,0,0,0,0,0,0,0,0,1,37
452008000,452004000,4e+06,1.0,0.0209163,26.2908,0.0,190,191,6,0,0,2,0,0,1,1,43
453000000,0,4e+06,1.0,0.0,14.5966,0.0,0,0,0,0,0,0,0,0,0,1,37
453004000,453004000,4e+06,1.0,0.0209163,26.4293,0.0,190,191,6,0,0,2,0,0,1,1,43
453996000,453992000,4e+06,1.0,0.0209163,26.3038,0.0,190,191,6,0,0,2,0,0,1,1,43
454000000,0,4e+06,1.0,0.0,14.5239,0.0,0,0,0,0,0,0,0,0,0,1,37
454996000,453992000,4e+06,1.0,0.0209163,26.5757,0.0,190,191,6,0,0,2,0,0,1,1,43
455000000,0,4e+06,1.0,0.0,14.6404,0.0,0,0,0,0,0,0,0,0,0,1,37
455996000,454996000,4e+06,1.0,0.0209163,26.1424,0.0,190,191,6,0,0,2,0,0,1,1,43
456000000,456000000,4e+06,1.0,0.0209163,26.1424,0.0,190,191,6,0,0,2,0,0,1,1,43
456000000,0,4e+06,1.0,0.0,14.3625,0.0,0,0,0,0,0,0,0,0,0,1,37
457000000,0,4e+06,1.0,0.0,14.6265,0.0,0,0,0,0,0,0,0,0,0,1,37
457000000,456000000,4e+06,1.0,0.0209163,26.3566,0.0,190,191,6,0,0,2,0,0,1,1,43
458000000,0,4e+06,1.0,0.0,14.4671,0.0,0,0,0,0,0,0,0,0,0,1,37
458000000,457000000,4e+06,1.0,0.0209163,26.1484,0.0,190,191,6,0,0,2,0,0,1,1,43
458008000,458004000,4e+06,1.0,0.0209163,26.1484,0.0,190,191,6,0,0,2,0,0,1,1,43
459000000,0,4e+06,1.0,0.0,14.6534,0.0,0,0,0,0,0,0,0,0,0,1,37
459008000,459004000,4e+06,1.0,0.0209163,26.251,0.0,190,191,6,0,0,2,0,0,1,1,43
460000000,0,4e+06,1.0,0.0,14.4213,0.0,0,0,0,0,0,0,0,0,0,1,37
460008000,459004000,4e+06,1.0,0.0209163,26.2261,0.0,190,191,6,0,0,2,0,0,1,1,43
461000000,0,4e+06,1.0,0.0,14.6036,0.0,0,0,0,0,0,0,0,0,0,1,37
461008000,460008000,4e+06,1.0,0.0209163,26.2102,0.0,190,191,6,0,0,2,0,0,1,1,43
462000000,0,4e+06,1.0,0.0,14.4074,0.0,0,0,0,0,0,0,0,0,0,1,37
462008000,462004000,4e+06,1.0,0.0209163,26.2918,0.0,190,191,6,0,0,2,0,0,1,1,43
463000000,0,4e+06,1.0,0.0,14.6863,0.0,0,0,0,0,0,0,0,0,0,1,37
463000000,462996000,4e+06,1.0,0.0209163,26.4641,0.0,190,191,6,0,0,2,0,0,1,1,43
464000000,0,4e+06,1.0,0.0,14.4343,0.0,0,0,0,0,0,0,0,0,0,1,37
464000000,462996000,4e+06,1.0,0.0209163,26.1514,0.0,190,191,6,0,0,2,0,0,1,1,43
465000000,0,4e+06,1.0,0.0,14.6404,0.0,0,0,0,0,0,0,0,0,0,1,37
465000000,464000000,4e+06,1.0,0.0209163,26.3297,0.0,190,191,6,0,0,2,0,0,1,1,43
466000000,465000000,4e+06,1.0,0.0209163,26.1494,0.0,190,191,6,0,0,2,0,0,1,1,43
466000000,0,4e+06,1.0,0.0,14.3625,0.0,0,0,0,0,0,0,0,0,0,1,37
466008000,466004000,4e+06,1.0,0.0209163,26.1494,0.0,190,191,6,0,0,2,0,0,1,1,43
467000000,0,4e+06,1.0,0.0,14.6265,0.0,0,0,0,0,0,0,0,0,0,1,37
467008000,466004000,4e+06,1.0,0.0209163,26.2779,0.0,190,191,6,0,0,2,0,0,1,1,43
468000000,0,4e+06,1.0,0.0,14.4671,0.0,0,0,0,0,0,0,0,0,0,1,37
468008000,467008000,4e+06,1.0,0.0209163,26.1942,0.0,190,191,6,0,0,2,0,0,1,1,43
469000000,0,4e+06,1.0,0.0,14.6534,0.0,0,0,0,0,0,0,0,0,0,1,37
469008000,468008000,4e+06,1.0,0.0209163,26.2331,0.0,190,191,6,0,0,2,0,0,1,1,43
469016000,469012000,4e+06,1.0,0.0209163,26.2331,0.0,190,191,6,0,0,2,0,0,1,1,43
470000000,0,4e+06,1.0,0.0,14.4213,0.0,0,0,0,0,0,0,0,0,0,1,37
470008000,470008000,4e+06,1.0,0.0209163,26.2709,0.0,190,191,6,0,0,2,0,0,1,1,43
471000000,0,4e+06,1.0,0.0,14.6036,0.0,0,0,0,0,0,0,0,0,0,1,37
471008000,470008000,4e+06,1.0,0.0209163,26.256,0.0,190,191,6,0,0,2,0,0,1,1,43
472000000,0,4e+06,1.0,0.0,14.4074,0.0,0,0,0,0,0,0,0,0,0,1,37
472008000,471008000,4e+06,1.0,0.0209163,26.4153,0.0,190,191,6,0,0,2,0,0,1,1,43
473000000,0,4e+06,1.0,0.0,14.6863,0.0,0,0,0,0,0,0,0,0,0,1,37
473008000,472008000,4e+06,1.0,0.0209163,26.2291,0.0,190,191,6,0,0,2,0,0,1,1,43
474000000,0,4e+06,1.0,0.0,14.4343,0.0,0,0,0,0,0,0,0,0,0,1,37
474008000,473008000,4e+06,1.0,0.0209163,26.1743,0.0,190,191,6,0,0,2,0,0,1,1,43
474016000,474012000,4e+06,1.0,0.0209163,26.1743,0.0,190,191,6,0,0,2,0,0,1,1,43
475000000,0,4e+06,1.0,0.0,14.6404,0.0,0,0,0,0,0,0,0,0,0,1,37
475012000,475008000,4e+06,1.0,0.0209163,26.3028,0.0,190,191,6,0,0,2,0,0,1,1,43
476000000,0,4e+06,1.0,0.0,14.3625,0.0,0,0,0,0,0,0,0,0,0,1,37
476012000,476008000,4e+06,1.0,0.0209163,26.1454,0.0,190,191,6,0,0,2,0,0,1,1,43
477000000,0,4e+06,1.0,0.0,14.6265,0.0,0,0,0,0,0,0,0,0,0,1,37
477012000,476008000,4e+06,1.0,0.0209163,26.3506,0.0,190,191,6,0,0,2,0,0,1,1,43
478000000,0,4e+06,1.0,0.0,14.4671,0.0,0,0,0,0,0,0,0,0,0,1,37
478012000,477012000,4e+06,1.0,0.0209163,26.2679,0.0,190,191,6,0,0,2,0,0,1,1,43
478020000,478016000,4e+06,1.0,0.0209163,26.2679,0.0,190,191,6,0,0,2,0,0,1,1,43
479000000,0,4e+06,1.0,0.0,14.6534,0.0,0,0,0,0,0,0,0,0,0,1,37
479016000,479012000,4e+06,1.0,0.0209163,26.2839,0.0,190,191,6,0,0,2,0,0,1,1,43
480000000,0,4e+06,1.0,0.0,14.4213,0.0,0,0,0,0,0,0,0,0,0,1,37
480016000,479012000,4e+06,1.0,0.0209163,26.4612,0.0,190,191,6,0,0,2,0,0,1,1,43
481000000,0,4e+06,1.0,0.0,14.6036,0.0,0,0,0,0,0,0,0,0,0,1,37
481016000,480016000,4e+06,1.0,0.0209163,26.1872,0.0,190,191,6,0,0,2,0,0,1,1,43
482000000,0,4e+06,1.0,0.0,14.4074,0.0,0,0,0,0,0,0,0,0,0,1,37
482016000,481016000,4e+06,1.0,0.0209163,26.2739,0.0,190,191,6,0,0,2,0,0,1,1,43
482024000,482020000,4e+06,1.0,0.0209163,26.2739,0.0,190,191,6,0,0,2,0,0,1,1,43
483000000,0,4e+06,1.0,0.0,14.6863,0.0,0,0,0,0,0,0,0,0,0,1,37
483024000,482020000,4e+06,1.0,0.0209163,26.2201,0.0,190,191,6,0,0,2,0,0,1,1,43
484000000,0,4e+06,1.0,0.0,14.4343,0.0,0,0,0,0,0,0,0,0,0,1,37
484024000,483024000,4e+06,1.0,0.0209163,26.1574,0.0,190,191,6,0,0,2,0,0,1,1,43
485000000,0,4e+06,1.0,0.0,14.6404,0.0,0,0,0,0,0,0,0,0,0,1,37
485024000,484024000,4e+06,1.0,0.0209163,26.3456,0.0,190,191,6,0,0,2,0,0,1,1,43
485032000,485028000,4e+06,1.0,0.0209163,26.3456,0.0,190,191,6,0,0,2,0,0,1,1,43
486000000,0,4e+06,1.0,0.0,14.3625,0.0,0,0,0,0,0,0,0,0,0,1,37
486032000,486032000,4e+06,1.0,0.0209163,26.1604,0.0,190,191,6,0,0,2,0,0,1,1,43
487000000,0,4e+06,1.0,0.0,14.6265,0.0,0,0,0,0,0,0,0,0,0,1,37
487032000,486032000,4e+06,1.0,0.0209163,26.3705,0.0,190,191,6,0,0,2,0,0,1,1,43
488000000,0,4e+06,1.0,0.0,14.4671,0.0,0,0,0,0,0,0,0,0,0,1,37
488032000,487032000,4e+06,1.0,0.0209163,26.3546,0.0,190,191,6,0,0,2,0,0,1,1,43
489000000,0,4e+06,1.0,0.0,11.5458,0.0,0,0,0,0,0,0,0,0,0,1,37
489032000,488032000,4e+06,1.0,0.0209163,25.6663,0.0,190,191,6,0,0,2,0,0,1,1,43
489036000,489036000,4e+06,1.0,0.0209163,25.6663,0.0,190,191,6,0,0,2,0,0,1,1,43
